"database_id","exposure_id","target_id","comparator_id","outcome_id","analysis_id","sequence_number","description","subjects"
"YUHS",1792797,1792797,1793457,1792364,1,1,"Original cohorts",916
"YUHS",1792797,1792797,1793457,1792364,1,2,"First cohort only",916
"YUHS",1792797,1792797,1793457,1792364,1,3,"Censoring at start of new time-at-risk",916
"YUHS",1792797,1792797,1793457,1792364,1,4,"Have at least 1 days at risk",819
"YUHS",1792797,1792797,1793457,1792364,1,5,"Matched on propensity score",16
"YUHS",1793457,1792797,1793457,1792364,1,1,"Original cohorts",17
"YUHS",1793457,1792797,1793457,1792364,1,2,"First cohort only",17
"YUHS",1793457,1792797,1793457,1792364,1,3,"Censoring at start of new time-at-risk",17
"YUHS",1793457,1792797,1793457,1792364,1,4,"Have at least 1 days at risk",16
"YUHS",1793457,1792797,1793457,1792364,1,5,"Matched on propensity score",16
"YUHS",1792797,1792797,1793457,1792365,1,1,"Original cohorts",916
"YUHS",1792797,1792797,1793457,1792365,1,2,"First cohort only",916
"YUHS",1792797,1792797,1793457,1792365,1,3,"Censoring at start of new time-at-risk",916
"YUHS",1792797,1792797,1793457,1792365,1,4,"Have at least 1 days at risk",819
"YUHS",1792797,1792797,1793457,1792365,1,5,"Matched on propensity score",16
"YUHS",1793457,1792797,1793457,1792365,1,1,"Original cohorts",17
"YUHS",1793457,1792797,1793457,1792365,1,2,"First cohort only",17
"YUHS",1793457,1792797,1793457,1792365,1,3,"Censoring at start of new time-at-risk",17
"YUHS",1793457,1792797,1793457,1792365,1,4,"Have at least 1 days at risk",16
"YUHS",1793457,1792797,1793457,1792365,1,5,"Matched on propensity score",16
"YUHS",1792797,1792797,1793457,1792366,1,1,"Original cohorts",916
"YUHS",1792797,1792797,1793457,1792366,1,2,"First cohort only",916
"YUHS",1792797,1792797,1793457,1792366,1,3,"Censoring at start of new time-at-risk",916
"YUHS",1792797,1792797,1793457,1792366,1,4,"Have at least 1 days at risk",819
"YUHS",1792797,1792797,1793457,1792366,1,5,"Matched on propensity score",16
"YUHS",1793457,1792797,1793457,1792366,1,1,"Original cohorts",17
"YUHS",1793457,1792797,1793457,1792366,1,2,"First cohort only",17
"YUHS",1793457,1792797,1793457,1792366,1,3,"Censoring at start of new time-at-risk",17
"YUHS",1793457,1792797,1793457,1792366,1,4,"Have at least 1 days at risk",16
"YUHS",1793457,1792797,1793457,1792366,1,5,"Matched on propensity score",16
"YUHS",1792797,1792797,1793457,1792367,1,1,"Original cohorts",916
"YUHS",1792797,1792797,1793457,1792367,1,2,"First cohort only",916
"YUHS",1792797,1792797,1793457,1792367,1,3,"Censoring at start of new time-at-risk",916
"YUHS",1792797,1792797,1793457,1792367,1,4,"Have at least 1 days at risk",819
"YUHS",1792797,1792797,1793457,1792367,1,5,"Matched on propensity score",16
"YUHS",1793457,1792797,1793457,1792367,1,1,"Original cohorts",17
"YUHS",1793457,1792797,1793457,1792367,1,2,"First cohort only",17
"YUHS",1793457,1792797,1793457,1792367,1,3,"Censoring at start of new time-at-risk",17
"YUHS",1793457,1792797,1793457,1792367,1,4,"Have at least 1 days at risk",16
"YUHS",1793457,1792797,1793457,1792367,1,5,"Matched on propensity score",16
"YUHS",1792797,1792797,1793457,1792368,1,1,"Original cohorts",916
"YUHS",1792797,1792797,1793457,1792368,1,2,"First cohort only",916
"YUHS",1792797,1792797,1793457,1792368,1,3,"Censoring at start of new time-at-risk",916
"YUHS",1792797,1792797,1793457,1792368,1,4,"Have at least 1 days at risk",819
"YUHS",1792797,1792797,1793457,1792368,1,5,"Matched on propensity score",16
"YUHS",1793457,1792797,1793457,1792368,1,1,"Original cohorts",17
"YUHS",1793457,1792797,1793457,1792368,1,2,"First cohort only",17
"YUHS",1793457,1792797,1793457,1792368,1,3,"Censoring at start of new time-at-risk",17
"YUHS",1793457,1792797,1793457,1792368,1,4,"Have at least 1 days at risk",16
"YUHS",1793457,1792797,1793457,1792368,1,5,"Matched on propensity score",16
"YUHS",1792797,1792797,1793457,1792369,1,1,"Original cohorts",916
"YUHS",1792797,1792797,1793457,1792369,1,2,"First cohort only",916
"YUHS",1792797,1792797,1793457,1792369,1,3,"Censoring at start of new time-at-risk",916
"YUHS",1792797,1792797,1793457,1792369,1,4,"Have at least 1 days at risk",819
"YUHS",1792797,1792797,1793457,1792369,1,5,"Matched on propensity score",16
"YUHS",1793457,1792797,1793457,1792369,1,1,"Original cohorts",17
"YUHS",1793457,1792797,1793457,1792369,1,2,"First cohort only",17
"YUHS",1793457,1792797,1793457,1792369,1,3,"Censoring at start of new time-at-risk",17
"YUHS",1793457,1792797,1793457,1792369,1,4,"Have at least 1 days at risk",16
"YUHS",1793457,1792797,1793457,1792369,1,5,"Matched on propensity score",16
"YUHS",1792797,1792797,1793457,1792370,1,1,"Original cohorts",916
"YUHS",1792797,1792797,1793457,1792370,1,2,"First cohort only",916
"YUHS",1792797,1792797,1793457,1792370,1,3,"Censoring at start of new time-at-risk",916
"YUHS",1792797,1792797,1793457,1792370,1,4,"Have at least 1 days at risk",819
"YUHS",1792797,1792797,1793457,1792370,1,5,"Matched on propensity score",16
"YUHS",1793457,1792797,1793457,1792370,1,1,"Original cohorts",17
"YUHS",1793457,1792797,1793457,1792370,1,2,"First cohort only",17
"YUHS",1793457,1792797,1793457,1792370,1,3,"Censoring at start of new time-at-risk",17
"YUHS",1793457,1792797,1793457,1792370,1,4,"Have at least 1 days at risk",16
"YUHS",1793457,1792797,1793457,1792370,1,5,"Matched on propensity score",16
"YUHS",1792797,1792797,1793457,1792371,1,1,"Original cohorts",916
"YUHS",1792797,1792797,1793457,1792371,1,2,"First cohort only",916
"YUHS",1792797,1792797,1793457,1792371,1,3,"Censoring at start of new time-at-risk",916
"YUHS",1792797,1792797,1793457,1792371,1,4,"Have at least 1 days at risk",819
"YUHS",1792797,1792797,1793457,1792371,1,5,"Matched on propensity score",16
"YUHS",1793457,1792797,1793457,1792371,1,1,"Original cohorts",17
"YUHS",1793457,1792797,1793457,1792371,1,2,"First cohort only",17
"YUHS",1793457,1792797,1793457,1792371,1,3,"Censoring at start of new time-at-risk",17
"YUHS",1793457,1792797,1793457,1792371,1,4,"Have at least 1 days at risk",16
"YUHS",1793457,1792797,1793457,1792371,1,5,"Matched on propensity score",16
"YUHS",1792797,1792797,1793457,1792372,1,1,"Original cohorts",916
"YUHS",1792797,1792797,1793457,1792372,1,2,"First cohort only",916
"YUHS",1792797,1792797,1793457,1792372,1,3,"Censoring at start of new time-at-risk",916
"YUHS",1792797,1792797,1793457,1792372,1,4,"Have at least 1 days at risk",819
"YUHS",1792797,1792797,1793457,1792372,1,5,"Matched on propensity score",16
"YUHS",1793457,1792797,1793457,1792372,1,1,"Original cohorts",17
"YUHS",1793457,1792797,1793457,1792372,1,2,"First cohort only",17
"YUHS",1793457,1792797,1793457,1792372,1,3,"Censoring at start of new time-at-risk",17
"YUHS",1793457,1792797,1793457,1792372,1,4,"Have at least 1 days at risk",16
"YUHS",1793457,1792797,1793457,1792372,1,5,"Matched on propensity score",16
"YUHS",1792797,1792797,1793457,1792373,1,1,"Original cohorts",916
"YUHS",1792797,1792797,1793457,1792373,1,2,"First cohort only",916
"YUHS",1792797,1792797,1793457,1792373,1,3,"Censoring at start of new time-at-risk",916
"YUHS",1792797,1792797,1793457,1792373,1,4,"Have at least 1 days at risk",819
"YUHS",1792797,1792797,1793457,1792373,1,5,"Matched on propensity score",16
"YUHS",1793457,1792797,1793457,1792373,1,1,"Original cohorts",17
"YUHS",1793457,1792797,1793457,1792373,1,2,"First cohort only",17
"YUHS",1793457,1792797,1793457,1792373,1,3,"Censoring at start of new time-at-risk",17
"YUHS",1793457,1792797,1793457,1792373,1,4,"Have at least 1 days at risk",16
"YUHS",1793457,1792797,1793457,1792373,1,5,"Matched on propensity score",16
"YUHS",1792797,1792797,1793457,1792374,1,1,"Original cohorts",916
"YUHS",1792797,1792797,1793457,1792374,1,2,"First cohort only",916
"YUHS",1792797,1792797,1793457,1792374,1,3,"Censoring at start of new time-at-risk",916
"YUHS",1792797,1792797,1793457,1792374,1,4,"Have at least 1 days at risk",819
"YUHS",1792797,1792797,1793457,1792374,1,5,"Matched on propensity score",16
"YUHS",1793457,1792797,1793457,1792374,1,1,"Original cohorts",17
"YUHS",1793457,1792797,1793457,1792374,1,2,"First cohort only",17
"YUHS",1793457,1792797,1793457,1792374,1,3,"Censoring at start of new time-at-risk",17
"YUHS",1793457,1792797,1793457,1792374,1,4,"Have at least 1 days at risk",16
"YUHS",1793457,1792797,1793457,1792374,1,5,"Matched on propensity score",16
"YUHS",1792797,1792797,1793457,1792364,2,1,"Original cohorts",916
"YUHS",1792797,1792797,1793457,1792364,2,2,"First cohort only",916
"YUHS",1792797,1792797,1793457,1792364,2,3,"Censoring at start of new time-at-risk",916
"YUHS",1792797,1792797,1793457,1792364,2,4,"Have at least 1 days at risk",819
"YUHS",1793457,1792797,1793457,1792364,2,1,"Original cohorts",17
"YUHS",1793457,1792797,1793457,1792364,2,2,"First cohort only",17
"YUHS",1793457,1792797,1793457,1792364,2,3,"Censoring at start of new time-at-risk",17
"YUHS",1793457,1792797,1793457,1792364,2,4,"Have at least 1 days at risk",16
"YUHS",1792797,1792797,1793457,1792365,2,1,"Original cohorts",916
"YUHS",1792797,1792797,1793457,1792365,2,2,"First cohort only",916
"YUHS",1792797,1792797,1793457,1792365,2,3,"Censoring at start of new time-at-risk",916
"YUHS",1792797,1792797,1793457,1792365,2,4,"Have at least 1 days at risk",819
"YUHS",1793457,1792797,1793457,1792365,2,1,"Original cohorts",17
"YUHS",1793457,1792797,1793457,1792365,2,2,"First cohort only",17
"YUHS",1793457,1792797,1793457,1792365,2,3,"Censoring at start of new time-at-risk",17
"YUHS",1793457,1792797,1793457,1792365,2,4,"Have at least 1 days at risk",16
"YUHS",1792797,1792797,1793457,1792366,2,1,"Original cohorts",916
"YUHS",1792797,1792797,1793457,1792366,2,2,"First cohort only",916
"YUHS",1792797,1792797,1793457,1792366,2,3,"Censoring at start of new time-at-risk",916
"YUHS",1792797,1792797,1793457,1792366,2,4,"Have at least 1 days at risk",819
"YUHS",1793457,1792797,1793457,1792366,2,1,"Original cohorts",17
"YUHS",1793457,1792797,1793457,1792366,2,2,"First cohort only",17
"YUHS",1793457,1792797,1793457,1792366,2,3,"Censoring at start of new time-at-risk",17
"YUHS",1793457,1792797,1793457,1792366,2,4,"Have at least 1 days at risk",16
"YUHS",1792797,1792797,1793457,1792367,2,1,"Original cohorts",916
"YUHS",1792797,1792797,1793457,1792367,2,2,"First cohort only",916
"YUHS",1792797,1792797,1793457,1792367,2,3,"Censoring at start of new time-at-risk",916
"YUHS",1792797,1792797,1793457,1792367,2,4,"Have at least 1 days at risk",819
"YUHS",1793457,1792797,1793457,1792367,2,1,"Original cohorts",17
"YUHS",1793457,1792797,1793457,1792367,2,2,"First cohort only",17
"YUHS",1793457,1792797,1793457,1792367,2,3,"Censoring at start of new time-at-risk",17
"YUHS",1793457,1792797,1793457,1792367,2,4,"Have at least 1 days at risk",16
"YUHS",1792797,1792797,1793457,1792368,2,1,"Original cohorts",916
"YUHS",1792797,1792797,1793457,1792368,2,2,"First cohort only",916
"YUHS",1792797,1792797,1793457,1792368,2,3,"Censoring at start of new time-at-risk",916
"YUHS",1792797,1792797,1793457,1792368,2,4,"Have at least 1 days at risk",819
"YUHS",1793457,1792797,1793457,1792368,2,1,"Original cohorts",17
"YUHS",1793457,1792797,1793457,1792368,2,2,"First cohort only",17
"YUHS",1793457,1792797,1793457,1792368,2,3,"Censoring at start of new time-at-risk",17
"YUHS",1793457,1792797,1793457,1792368,2,4,"Have at least 1 days at risk",16
"YUHS",1792797,1792797,1793457,1792369,2,1,"Original cohorts",916
"YUHS",1792797,1792797,1793457,1792369,2,2,"First cohort only",916
"YUHS",1792797,1792797,1793457,1792369,2,3,"Censoring at start of new time-at-risk",916
"YUHS",1792797,1792797,1793457,1792369,2,4,"Have at least 1 days at risk",819
"YUHS",1793457,1792797,1793457,1792369,2,1,"Original cohorts",17
"YUHS",1793457,1792797,1793457,1792369,2,2,"First cohort only",17
"YUHS",1793457,1792797,1793457,1792369,2,3,"Censoring at start of new time-at-risk",17
"YUHS",1793457,1792797,1793457,1792369,2,4,"Have at least 1 days at risk",16
"YUHS",1792797,1792797,1793457,1792370,2,1,"Original cohorts",916
"YUHS",1792797,1792797,1793457,1792370,2,2,"First cohort only",916
"YUHS",1792797,1792797,1793457,1792370,2,3,"Censoring at start of new time-at-risk",916
"YUHS",1792797,1792797,1793457,1792370,2,4,"Have at least 1 days at risk",819
"YUHS",1793457,1792797,1793457,1792370,2,1,"Original cohorts",17
"YUHS",1793457,1792797,1793457,1792370,2,2,"First cohort only",17
"YUHS",1793457,1792797,1793457,1792370,2,3,"Censoring at start of new time-at-risk",17
"YUHS",1793457,1792797,1793457,1792370,2,4,"Have at least 1 days at risk",16
"YUHS",1792797,1792797,1793457,1792371,2,1,"Original cohorts",916
"YUHS",1792797,1792797,1793457,1792371,2,2,"First cohort only",916
"YUHS",1792797,1792797,1793457,1792371,2,3,"Censoring at start of new time-at-risk",916
"YUHS",1792797,1792797,1793457,1792371,2,4,"Have at least 1 days at risk",819
"YUHS",1793457,1792797,1793457,1792371,2,1,"Original cohorts",17
"YUHS",1793457,1792797,1793457,1792371,2,2,"First cohort only",17
"YUHS",1793457,1792797,1793457,1792371,2,3,"Censoring at start of new time-at-risk",17
"YUHS",1793457,1792797,1793457,1792371,2,4,"Have at least 1 days at risk",16
"YUHS",1792797,1792797,1793457,1792372,2,1,"Original cohorts",916
"YUHS",1792797,1792797,1793457,1792372,2,2,"First cohort only",916
"YUHS",1792797,1792797,1793457,1792372,2,3,"Censoring at start of new time-at-risk",916
"YUHS",1792797,1792797,1793457,1792372,2,4,"Have at least 1 days at risk",819
"YUHS",1793457,1792797,1793457,1792372,2,1,"Original cohorts",17
"YUHS",1793457,1792797,1793457,1792372,2,2,"First cohort only",17
"YUHS",1793457,1792797,1793457,1792372,2,3,"Censoring at start of new time-at-risk",17
"YUHS",1793457,1792797,1793457,1792372,2,4,"Have at least 1 days at risk",16
"YUHS",1792797,1792797,1793457,1792373,2,1,"Original cohorts",916
"YUHS",1792797,1792797,1793457,1792373,2,2,"First cohort only",916
"YUHS",1792797,1792797,1793457,1792373,2,3,"Censoring at start of new time-at-risk",916
"YUHS",1792797,1792797,1793457,1792373,2,4,"Have at least 1 days at risk",819
"YUHS",1793457,1792797,1793457,1792373,2,1,"Original cohorts",17
"YUHS",1793457,1792797,1793457,1792373,2,2,"First cohort only",17
"YUHS",1793457,1792797,1793457,1792373,2,3,"Censoring at start of new time-at-risk",17
"YUHS",1793457,1792797,1793457,1792373,2,4,"Have at least 1 days at risk",16
"YUHS",1792797,1792797,1793457,1792374,2,1,"Original cohorts",916
"YUHS",1792797,1792797,1793457,1792374,2,2,"First cohort only",916
"YUHS",1792797,1792797,1793457,1792374,2,3,"Censoring at start of new time-at-risk",916
"YUHS",1792797,1792797,1793457,1792374,2,4,"Have at least 1 days at risk",819
"YUHS",1793457,1792797,1793457,1792374,2,1,"Original cohorts",17
"YUHS",1793457,1792797,1793457,1792374,2,2,"First cohort only",17
"YUHS",1793457,1792797,1793457,1792374,2,3,"Censoring at start of new time-at-risk",17
"YUHS",1793457,1792797,1793457,1792374,2,4,"Have at least 1 days at risk",16
"YUHS",1792797,1792797,1793457,1792364,3,1,"Original cohorts",916
"YUHS",1792797,1792797,1793457,1792364,3,2,"First cohort only",916
"YUHS",1792797,1792797,1793457,1792364,3,3,"Censoring at start of new time-at-risk",916
"YUHS",1792797,1792797,1793457,1792364,3,4,"Have at least 1 days at risk",911
"YUHS",1792797,1792797,1793457,1792364,3,5,"Matched on propensity score",0
"YUHS",1793457,1792797,1793457,1792364,3,1,"Original cohorts",17
"YUHS",1793457,1792797,1793457,1792364,3,2,"First cohort only",17
"YUHS",1793457,1792797,1793457,1792364,3,3,"Censoring at start of new time-at-risk",17
"YUHS",1793457,1792797,1793457,1792364,3,4,"Have at least 1 days at risk",17
"YUHS",1793457,1792797,1793457,1792364,3,5,"Matched on propensity score",0
"YUHS",1792797,1792797,1793457,1792365,3,1,"Original cohorts",916
"YUHS",1792797,1792797,1793457,1792365,3,2,"First cohort only",916
"YUHS",1792797,1792797,1793457,1792365,3,3,"Censoring at start of new time-at-risk",916
"YUHS",1792797,1792797,1793457,1792365,3,4,"Have at least 1 days at risk",911
"YUHS",1792797,1792797,1793457,1792365,3,5,"Matched on propensity score",0
"YUHS",1793457,1792797,1793457,1792365,3,1,"Original cohorts",17
"YUHS",1793457,1792797,1793457,1792365,3,2,"First cohort only",17
"YUHS",1793457,1792797,1793457,1792365,3,3,"Censoring at start of new time-at-risk",17
"YUHS",1793457,1792797,1793457,1792365,3,4,"Have at least 1 days at risk",17
"YUHS",1793457,1792797,1793457,1792365,3,5,"Matched on propensity score",0
"YUHS",1792797,1792797,1793457,1792366,3,1,"Original cohorts",916
"YUHS",1792797,1792797,1793457,1792366,3,2,"First cohort only",916
"YUHS",1792797,1792797,1793457,1792366,3,3,"Censoring at start of new time-at-risk",916
"YUHS",1792797,1792797,1793457,1792366,3,4,"Have at least 1 days at risk",911
"YUHS",1792797,1792797,1793457,1792366,3,5,"Matched on propensity score",0
"YUHS",1793457,1792797,1793457,1792366,3,1,"Original cohorts",17
"YUHS",1793457,1792797,1793457,1792366,3,2,"First cohort only",17
"YUHS",1793457,1792797,1793457,1792366,3,3,"Censoring at start of new time-at-risk",17
"YUHS",1793457,1792797,1793457,1792366,3,4,"Have at least 1 days at risk",17
"YUHS",1793457,1792797,1793457,1792366,3,5,"Matched on propensity score",0
"YUHS",1792797,1792797,1793457,1792367,3,1,"Original cohorts",916
"YUHS",1792797,1792797,1793457,1792367,3,2,"First cohort only",916
"YUHS",1792797,1792797,1793457,1792367,3,3,"Censoring at start of new time-at-risk",916
"YUHS",1792797,1792797,1793457,1792367,3,4,"Have at least 1 days at risk",911
"YUHS",1792797,1792797,1793457,1792367,3,5,"Matched on propensity score",0
"YUHS",1793457,1792797,1793457,1792367,3,1,"Original cohorts",17
"YUHS",1793457,1792797,1793457,1792367,3,2,"First cohort only",17
"YUHS",1793457,1792797,1793457,1792367,3,3,"Censoring at start of new time-at-risk",17
"YUHS",1793457,1792797,1793457,1792367,3,4,"Have at least 1 days at risk",17
"YUHS",1793457,1792797,1793457,1792367,3,5,"Matched on propensity score",0
"YUHS",1792797,1792797,1793457,1792368,3,1,"Original cohorts",916
"YUHS",1792797,1792797,1793457,1792368,3,2,"First cohort only",916
"YUHS",1792797,1792797,1793457,1792368,3,3,"Censoring at start of new time-at-risk",916
"YUHS",1792797,1792797,1793457,1792368,3,4,"Have at least 1 days at risk",911
"YUHS",1792797,1792797,1793457,1792368,3,5,"Matched on propensity score",0
"YUHS",1793457,1792797,1793457,1792368,3,1,"Original cohorts",17
"YUHS",1793457,1792797,1793457,1792368,3,2,"First cohort only",17
"YUHS",1793457,1792797,1793457,1792368,3,3,"Censoring at start of new time-at-risk",17
"YUHS",1793457,1792797,1793457,1792368,3,4,"Have at least 1 days at risk",17
"YUHS",1793457,1792797,1793457,1792368,3,5,"Matched on propensity score",0
"YUHS",1792797,1792797,1793457,1792369,3,1,"Original cohorts",916
"YUHS",1792797,1792797,1793457,1792369,3,2,"First cohort only",916
"YUHS",1792797,1792797,1793457,1792369,3,3,"Censoring at start of new time-at-risk",916
"YUHS",1792797,1792797,1793457,1792369,3,4,"Have at least 1 days at risk",911
"YUHS",1792797,1792797,1793457,1792369,3,5,"Matched on propensity score",0
"YUHS",1793457,1792797,1793457,1792369,3,1,"Original cohorts",17
"YUHS",1793457,1792797,1793457,1792369,3,2,"First cohort only",17
"YUHS",1793457,1792797,1793457,1792369,3,3,"Censoring at start of new time-at-risk",17
"YUHS",1793457,1792797,1793457,1792369,3,4,"Have at least 1 days at risk",17
"YUHS",1793457,1792797,1793457,1792369,3,5,"Matched on propensity score",0
"YUHS",1792797,1792797,1793457,1792370,3,1,"Original cohorts",916
"YUHS",1792797,1792797,1793457,1792370,3,2,"First cohort only",916
"YUHS",1792797,1792797,1793457,1792370,3,3,"Censoring at start of new time-at-risk",916
"YUHS",1792797,1792797,1793457,1792370,3,4,"Have at least 1 days at risk",911
"YUHS",1792797,1792797,1793457,1792370,3,5,"Matched on propensity score",0
"YUHS",1793457,1792797,1793457,1792370,3,1,"Original cohorts",17
"YUHS",1793457,1792797,1793457,1792370,3,2,"First cohort only",17
"YUHS",1793457,1792797,1793457,1792370,3,3,"Censoring at start of new time-at-risk",17
"YUHS",1793457,1792797,1793457,1792370,3,4,"Have at least 1 days at risk",17
"YUHS",1793457,1792797,1793457,1792370,3,5,"Matched on propensity score",0
"YUHS",1792797,1792797,1793457,1792371,3,1,"Original cohorts",916
"YUHS",1792797,1792797,1793457,1792371,3,2,"First cohort only",916
"YUHS",1792797,1792797,1793457,1792371,3,3,"Censoring at start of new time-at-risk",916
"YUHS",1792797,1792797,1793457,1792371,3,4,"Have at least 1 days at risk",911
"YUHS",1792797,1792797,1793457,1792371,3,5,"Matched on propensity score",0
"YUHS",1793457,1792797,1793457,1792371,3,1,"Original cohorts",17
"YUHS",1793457,1792797,1793457,1792371,3,2,"First cohort only",17
"YUHS",1793457,1792797,1793457,1792371,3,3,"Censoring at start of new time-at-risk",17
"YUHS",1793457,1792797,1793457,1792371,3,4,"Have at least 1 days at risk",17
"YUHS",1793457,1792797,1793457,1792371,3,5,"Matched on propensity score",0
"YUHS",1792797,1792797,1793457,1792372,3,1,"Original cohorts",916
"YUHS",1792797,1792797,1793457,1792372,3,2,"First cohort only",916
"YUHS",1792797,1792797,1793457,1792372,3,3,"Censoring at start of new time-at-risk",916
"YUHS",1792797,1792797,1793457,1792372,3,4,"Have at least 1 days at risk",911
"YUHS",1792797,1792797,1793457,1792372,3,5,"Matched on propensity score",0
"YUHS",1793457,1792797,1793457,1792372,3,1,"Original cohorts",17
"YUHS",1793457,1792797,1793457,1792372,3,2,"First cohort only",17
"YUHS",1793457,1792797,1793457,1792372,3,3,"Censoring at start of new time-at-risk",17
"YUHS",1793457,1792797,1793457,1792372,3,4,"Have at least 1 days at risk",17
"YUHS",1793457,1792797,1793457,1792372,3,5,"Matched on propensity score",0
"YUHS",1792797,1792797,1793457,1792373,3,1,"Original cohorts",916
"YUHS",1792797,1792797,1793457,1792373,3,2,"First cohort only",916
"YUHS",1792797,1792797,1793457,1792373,3,3,"Censoring at start of new time-at-risk",916
"YUHS",1792797,1792797,1793457,1792373,3,4,"Have at least 1 days at risk",911
"YUHS",1792797,1792797,1793457,1792373,3,5,"Matched on propensity score",0
"YUHS",1793457,1792797,1793457,1792373,3,1,"Original cohorts",17
"YUHS",1793457,1792797,1793457,1792373,3,2,"First cohort only",17
"YUHS",1793457,1792797,1793457,1792373,3,3,"Censoring at start of new time-at-risk",17
"YUHS",1793457,1792797,1793457,1792373,3,4,"Have at least 1 days at risk",17
"YUHS",1793457,1792797,1793457,1792373,3,5,"Matched on propensity score",0
"YUHS",1792797,1792797,1793457,1792374,3,1,"Original cohorts",916
"YUHS",1792797,1792797,1793457,1792374,3,2,"First cohort only",916
"YUHS",1792797,1792797,1793457,1792374,3,3,"Censoring at start of new time-at-risk",916
"YUHS",1792797,1792797,1793457,1792374,3,4,"Have at least 1 days at risk",911
"YUHS",1792797,1792797,1793457,1792374,3,5,"Matched on propensity score",0
"YUHS",1793457,1792797,1793457,1792374,3,1,"Original cohorts",17
"YUHS",1793457,1792797,1793457,1792374,3,2,"First cohort only",17
"YUHS",1793457,1792797,1793457,1792374,3,3,"Censoring at start of new time-at-risk",17
"YUHS",1793457,1792797,1793457,1792374,3,4,"Have at least 1 days at risk",17
"YUHS",1793457,1792797,1793457,1792374,3,5,"Matched on propensity score",0
"YUHS",1792797,1792797,1793457,1792364,4,1,"Original cohorts",916
"YUHS",1792797,1792797,1793457,1792364,4,2,"First cohort only",916
"YUHS",1792797,1792797,1793457,1792364,4,3,"Censoring at start of new time-at-risk",916
"YUHS",1792797,1792797,1793457,1792364,4,4,"Have at least 1 days at risk",911
"YUHS",1793457,1792797,1793457,1792364,4,1,"Original cohorts",17
"YUHS",1793457,1792797,1793457,1792364,4,2,"First cohort only",17
"YUHS",1793457,1792797,1793457,1792364,4,3,"Censoring at start of new time-at-risk",17
"YUHS",1793457,1792797,1793457,1792364,4,4,"Have at least 1 days at risk",17
"YUHS",1792797,1792797,1793457,1792365,4,1,"Original cohorts",916
"YUHS",1792797,1792797,1793457,1792365,4,2,"First cohort only",916
"YUHS",1792797,1792797,1793457,1792365,4,3,"Censoring at start of new time-at-risk",916
"YUHS",1792797,1792797,1793457,1792365,4,4,"Have at least 1 days at risk",911
"YUHS",1793457,1792797,1793457,1792365,4,1,"Original cohorts",17
"YUHS",1793457,1792797,1793457,1792365,4,2,"First cohort only",17
"YUHS",1793457,1792797,1793457,1792365,4,3,"Censoring at start of new time-at-risk",17
"YUHS",1793457,1792797,1793457,1792365,4,4,"Have at least 1 days at risk",17
"YUHS",1792797,1792797,1793457,1792366,4,1,"Original cohorts",916
"YUHS",1792797,1792797,1793457,1792366,4,2,"First cohort only",916
"YUHS",1792797,1792797,1793457,1792366,4,3,"Censoring at start of new time-at-risk",916
"YUHS",1792797,1792797,1793457,1792366,4,4,"Have at least 1 days at risk",911
"YUHS",1793457,1792797,1793457,1792366,4,1,"Original cohorts",17
"YUHS",1793457,1792797,1793457,1792366,4,2,"First cohort only",17
"YUHS",1793457,1792797,1793457,1792366,4,3,"Censoring at start of new time-at-risk",17
"YUHS",1793457,1792797,1793457,1792366,4,4,"Have at least 1 days at risk",17
"YUHS",1792797,1792797,1793457,1792367,4,1,"Original cohorts",916
"YUHS",1792797,1792797,1793457,1792367,4,2,"First cohort only",916
"YUHS",1792797,1792797,1793457,1792367,4,3,"Censoring at start of new time-at-risk",916
"YUHS",1792797,1792797,1793457,1792367,4,4,"Have at least 1 days at risk",911
"YUHS",1793457,1792797,1793457,1792367,4,1,"Original cohorts",17
"YUHS",1793457,1792797,1793457,1792367,4,2,"First cohort only",17
"YUHS",1793457,1792797,1793457,1792367,4,3,"Censoring at start of new time-at-risk",17
"YUHS",1793457,1792797,1793457,1792367,4,4,"Have at least 1 days at risk",17
"YUHS",1792797,1792797,1793457,1792368,4,1,"Original cohorts",916
"YUHS",1792797,1792797,1793457,1792368,4,2,"First cohort only",916
"YUHS",1792797,1792797,1793457,1792368,4,3,"Censoring at start of new time-at-risk",916
"YUHS",1792797,1792797,1793457,1792368,4,4,"Have at least 1 days at risk",911
"YUHS",1793457,1792797,1793457,1792368,4,1,"Original cohorts",17
"YUHS",1793457,1792797,1793457,1792368,4,2,"First cohort only",17
"YUHS",1793457,1792797,1793457,1792368,4,3,"Censoring at start of new time-at-risk",17
"YUHS",1793457,1792797,1793457,1792368,4,4,"Have at least 1 days at risk",17
"YUHS",1792797,1792797,1793457,1792369,4,1,"Original cohorts",916
"YUHS",1792797,1792797,1793457,1792369,4,2,"First cohort only",916
"YUHS",1792797,1792797,1793457,1792369,4,3,"Censoring at start of new time-at-risk",916
"YUHS",1792797,1792797,1793457,1792369,4,4,"Have at least 1 days at risk",911
"YUHS",1793457,1792797,1793457,1792369,4,1,"Original cohorts",17
"YUHS",1793457,1792797,1793457,1792369,4,2,"First cohort only",17
"YUHS",1793457,1792797,1793457,1792369,4,3,"Censoring at start of new time-at-risk",17
"YUHS",1793457,1792797,1793457,1792369,4,4,"Have at least 1 days at risk",17
"YUHS",1792797,1792797,1793457,1792370,4,1,"Original cohorts",916
"YUHS",1792797,1792797,1793457,1792370,4,2,"First cohort only",916
"YUHS",1792797,1792797,1793457,1792370,4,3,"Censoring at start of new time-at-risk",916
"YUHS",1792797,1792797,1793457,1792370,4,4,"Have at least 1 days at risk",911
"YUHS",1793457,1792797,1793457,1792370,4,1,"Original cohorts",17
"YUHS",1793457,1792797,1793457,1792370,4,2,"First cohort only",17
"YUHS",1793457,1792797,1793457,1792370,4,3,"Censoring at start of new time-at-risk",17
"YUHS",1793457,1792797,1793457,1792370,4,4,"Have at least 1 days at risk",17
"YUHS",1792797,1792797,1793457,1792371,4,1,"Original cohorts",916
"YUHS",1792797,1792797,1793457,1792371,4,2,"First cohort only",916
"YUHS",1792797,1792797,1793457,1792371,4,3,"Censoring at start of new time-at-risk",916
"YUHS",1792797,1792797,1793457,1792371,4,4,"Have at least 1 days at risk",911
"YUHS",1793457,1792797,1793457,1792371,4,1,"Original cohorts",17
"YUHS",1793457,1792797,1793457,1792371,4,2,"First cohort only",17
"YUHS",1793457,1792797,1793457,1792371,4,3,"Censoring at start of new time-at-risk",17
"YUHS",1793457,1792797,1793457,1792371,4,4,"Have at least 1 days at risk",17
"YUHS",1792797,1792797,1793457,1792372,4,1,"Original cohorts",916
"YUHS",1792797,1792797,1793457,1792372,4,2,"First cohort only",916
"YUHS",1792797,1792797,1793457,1792372,4,3,"Censoring at start of new time-at-risk",916
"YUHS",1792797,1792797,1793457,1792372,4,4,"Have at least 1 days at risk",911
"YUHS",1793457,1792797,1793457,1792372,4,1,"Original cohorts",17
"YUHS",1793457,1792797,1793457,1792372,4,2,"First cohort only",17
"YUHS",1793457,1792797,1793457,1792372,4,3,"Censoring at start of new time-at-risk",17
"YUHS",1793457,1792797,1793457,1792372,4,4,"Have at least 1 days at risk",17
"YUHS",1792797,1792797,1793457,1792373,4,1,"Original cohorts",916
"YUHS",1792797,1792797,1793457,1792373,4,2,"First cohort only",916
"YUHS",1792797,1792797,1793457,1792373,4,3,"Censoring at start of new time-at-risk",916
"YUHS",1792797,1792797,1793457,1792373,4,4,"Have at least 1 days at risk",911
"YUHS",1793457,1792797,1793457,1792373,4,1,"Original cohorts",17
"YUHS",1793457,1792797,1793457,1792373,4,2,"First cohort only",17
"YUHS",1793457,1792797,1793457,1792373,4,3,"Censoring at start of new time-at-risk",17
"YUHS",1793457,1792797,1793457,1792373,4,4,"Have at least 1 days at risk",17
"YUHS",1792797,1792797,1793457,1792374,4,1,"Original cohorts",916
"YUHS",1792797,1792797,1793457,1792374,4,2,"First cohort only",916
"YUHS",1792797,1792797,1793457,1792374,4,3,"Censoring at start of new time-at-risk",916
"YUHS",1792797,1792797,1793457,1792374,4,4,"Have at least 1 days at risk",911
"YUHS",1793457,1792797,1793457,1792374,4,1,"Original cohorts",17
"YUHS",1793457,1792797,1793457,1792374,4,2,"First cohort only",17
"YUHS",1793457,1792797,1793457,1792374,4,3,"Censoring at start of new time-at-risk",17
"YUHS",1793457,1792797,1793457,1792374,4,4,"Have at least 1 days at risk",17
"YUHS",1792797,1792797,1793457,1792364,5,1,"Original cohorts",916
"YUHS",1792797,1792797,1793457,1792364,5,2,"First cohort only",916
"YUHS",1792797,1792797,1793457,1792364,5,3,"Censoring at start of new time-at-risk",916
"YUHS",1792797,1792797,1793457,1792364,5,4,"Have at least 1 days at risk",911
"YUHS",1793457,1792797,1793457,1792364,5,1,"Original cohorts",17
"YUHS",1793457,1792797,1793457,1792364,5,2,"First cohort only",17
"YUHS",1793457,1792797,1793457,1792364,5,3,"Censoring at start of new time-at-risk",17
"YUHS",1793457,1792797,1793457,1792364,5,4,"Have at least 1 days at risk",17
"YUHS",1792797,1792797,1793457,1792365,5,1,"Original cohorts",916
"YUHS",1792797,1792797,1793457,1792365,5,2,"First cohort only",916
"YUHS",1792797,1792797,1793457,1792365,5,3,"Censoring at start of new time-at-risk",916
"YUHS",1792797,1792797,1793457,1792365,5,4,"Have at least 1 days at risk",911
"YUHS",1793457,1792797,1793457,1792365,5,1,"Original cohorts",17
"YUHS",1793457,1792797,1793457,1792365,5,2,"First cohort only",17
"YUHS",1793457,1792797,1793457,1792365,5,3,"Censoring at start of new time-at-risk",17
"YUHS",1793457,1792797,1793457,1792365,5,4,"Have at least 1 days at risk",17
"YUHS",1792797,1792797,1793457,1792366,5,1,"Original cohorts",916
"YUHS",1792797,1792797,1793457,1792366,5,2,"First cohort only",916
"YUHS",1792797,1792797,1793457,1792366,5,3,"Censoring at start of new time-at-risk",916
"YUHS",1792797,1792797,1793457,1792366,5,4,"Have at least 1 days at risk",911
"YUHS",1793457,1792797,1793457,1792366,5,1,"Original cohorts",17
"YUHS",1793457,1792797,1793457,1792366,5,2,"First cohort only",17
"YUHS",1793457,1792797,1793457,1792366,5,3,"Censoring at start of new time-at-risk",17
"YUHS",1793457,1792797,1793457,1792366,5,4,"Have at least 1 days at risk",17
"YUHS",1792797,1792797,1793457,1792367,5,1,"Original cohorts",916
"YUHS",1792797,1792797,1793457,1792367,5,2,"First cohort only",916
"YUHS",1792797,1792797,1793457,1792367,5,3,"Censoring at start of new time-at-risk",916
"YUHS",1792797,1792797,1793457,1792367,5,4,"Have at least 1 days at risk",911
"YUHS",1793457,1792797,1793457,1792367,5,1,"Original cohorts",17
"YUHS",1793457,1792797,1793457,1792367,5,2,"First cohort only",17
"YUHS",1793457,1792797,1793457,1792367,5,3,"Censoring at start of new time-at-risk",17
"YUHS",1793457,1792797,1793457,1792367,5,4,"Have at least 1 days at risk",17
"YUHS",1792797,1792797,1793457,1792368,5,1,"Original cohorts",916
"YUHS",1792797,1792797,1793457,1792368,5,2,"First cohort only",916
"YUHS",1792797,1792797,1793457,1792368,5,3,"Censoring at start of new time-at-risk",916
"YUHS",1792797,1792797,1793457,1792368,5,4,"Have at least 1 days at risk",911
"YUHS",1793457,1792797,1793457,1792368,5,1,"Original cohorts",17
"YUHS",1793457,1792797,1793457,1792368,5,2,"First cohort only",17
"YUHS",1793457,1792797,1793457,1792368,5,3,"Censoring at start of new time-at-risk",17
"YUHS",1793457,1792797,1793457,1792368,5,4,"Have at least 1 days at risk",17
"YUHS",1792797,1792797,1793457,1792369,5,1,"Original cohorts",916
"YUHS",1792797,1792797,1793457,1792369,5,2,"First cohort only",916
"YUHS",1792797,1792797,1793457,1792369,5,3,"Censoring at start of new time-at-risk",916
"YUHS",1792797,1792797,1793457,1792369,5,4,"Have at least 1 days at risk",911
"YUHS",1793457,1792797,1793457,1792369,5,1,"Original cohorts",17
"YUHS",1793457,1792797,1793457,1792369,5,2,"First cohort only",17
"YUHS",1793457,1792797,1793457,1792369,5,3,"Censoring at start of new time-at-risk",17
"YUHS",1793457,1792797,1793457,1792369,5,4,"Have at least 1 days at risk",17
"YUHS",1792797,1792797,1793457,1792370,5,1,"Original cohorts",916
"YUHS",1792797,1792797,1793457,1792370,5,2,"First cohort only",916
"YUHS",1792797,1792797,1793457,1792370,5,3,"Censoring at start of new time-at-risk",916
"YUHS",1792797,1792797,1793457,1792370,5,4,"Have at least 1 days at risk",911
"YUHS",1793457,1792797,1793457,1792370,5,1,"Original cohorts",17
"YUHS",1793457,1792797,1793457,1792370,5,2,"First cohort only",17
"YUHS",1793457,1792797,1793457,1792370,5,3,"Censoring at start of new time-at-risk",17
"YUHS",1793457,1792797,1793457,1792370,5,4,"Have at least 1 days at risk",17
"YUHS",1792797,1792797,1793457,1792371,5,1,"Original cohorts",916
"YUHS",1792797,1792797,1793457,1792371,5,2,"First cohort only",916
"YUHS",1792797,1792797,1793457,1792371,5,3,"Censoring at start of new time-at-risk",916
"YUHS",1792797,1792797,1793457,1792371,5,4,"Have at least 1 days at risk",911
"YUHS",1793457,1792797,1793457,1792371,5,1,"Original cohorts",17
"YUHS",1793457,1792797,1793457,1792371,5,2,"First cohort only",17
"YUHS",1793457,1792797,1793457,1792371,5,3,"Censoring at start of new time-at-risk",17
"YUHS",1793457,1792797,1793457,1792371,5,4,"Have at least 1 days at risk",17
"YUHS",1792797,1792797,1793457,1792372,5,1,"Original cohorts",916
"YUHS",1792797,1792797,1793457,1792372,5,2,"First cohort only",916
"YUHS",1792797,1792797,1793457,1792372,5,3,"Censoring at start of new time-at-risk",916
"YUHS",1792797,1792797,1793457,1792372,5,4,"Have at least 1 days at risk",911
"YUHS",1793457,1792797,1793457,1792372,5,1,"Original cohorts",17
"YUHS",1793457,1792797,1793457,1792372,5,2,"First cohort only",17
"YUHS",1793457,1792797,1793457,1792372,5,3,"Censoring at start of new time-at-risk",17
"YUHS",1793457,1792797,1793457,1792372,5,4,"Have at least 1 days at risk",17
"YUHS",1792797,1792797,1793457,1792373,5,1,"Original cohorts",916
"YUHS",1792797,1792797,1793457,1792373,5,2,"First cohort only",916
"YUHS",1792797,1792797,1793457,1792373,5,3,"Censoring at start of new time-at-risk",916
"YUHS",1792797,1792797,1793457,1792373,5,4,"Have at least 1 days at risk",911
"YUHS",1793457,1792797,1793457,1792373,5,1,"Original cohorts",17
"YUHS",1793457,1792797,1793457,1792373,5,2,"First cohort only",17
"YUHS",1793457,1792797,1793457,1792373,5,3,"Censoring at start of new time-at-risk",17
"YUHS",1793457,1792797,1793457,1792373,5,4,"Have at least 1 days at risk",17
"YUHS",1792797,1792797,1793457,1792374,5,1,"Original cohorts",916
"YUHS",1792797,1792797,1793457,1792374,5,2,"First cohort only",916
"YUHS",1792797,1792797,1793457,1792374,5,3,"Censoring at start of new time-at-risk",916
"YUHS",1792797,1792797,1793457,1792374,5,4,"Have at least 1 days at risk",911
"YUHS",1793457,1792797,1793457,1792374,5,1,"Original cohorts",17
"YUHS",1793457,1792797,1793457,1792374,5,2,"First cohort only",17
"YUHS",1793457,1792797,1793457,1792374,5,3,"Censoring at start of new time-at-risk",17
"YUHS",1793457,1792797,1793457,1792374,5,4,"Have at least 1 days at risk",17
"YUHS",1792797,1792797,1793457,1792364,6,1,"Original cohorts",916
"YUHS",1792797,1792797,1793457,1792364,6,2,"First cohort only",916
"YUHS",1792797,1792797,1793457,1792364,6,3,"Censoring at start of new time-at-risk",916
"YUHS",1792797,1792797,1793457,1792364,6,4,"Have at least 1 days at risk",911
"YUHS",1792797,1792797,1793457,1792364,6,5,"Matched on propensity score",0
"YUHS",1793457,1792797,1793457,1792364,6,1,"Original cohorts",17
"YUHS",1793457,1792797,1793457,1792364,6,2,"First cohort only",17
"YUHS",1793457,1792797,1793457,1792364,6,3,"Censoring at start of new time-at-risk",17
"YUHS",1793457,1792797,1793457,1792364,6,4,"Have at least 1 days at risk",17
"YUHS",1793457,1792797,1793457,1792364,6,5,"Matched on propensity score",0
"YUHS",1792797,1792797,1793457,1792365,6,1,"Original cohorts",916
"YUHS",1792797,1792797,1793457,1792365,6,2,"First cohort only",916
"YUHS",1792797,1792797,1793457,1792365,6,3,"Censoring at start of new time-at-risk",916
"YUHS",1792797,1792797,1793457,1792365,6,4,"Have at least 1 days at risk",911
"YUHS",1792797,1792797,1793457,1792365,6,5,"Matched on propensity score",0
"YUHS",1793457,1792797,1793457,1792365,6,1,"Original cohorts",17
"YUHS",1793457,1792797,1793457,1792365,6,2,"First cohort only",17
"YUHS",1793457,1792797,1793457,1792365,6,3,"Censoring at start of new time-at-risk",17
"YUHS",1793457,1792797,1793457,1792365,6,4,"Have at least 1 days at risk",17
"YUHS",1793457,1792797,1793457,1792365,6,5,"Matched on propensity score",0
"YUHS",1792797,1792797,1793457,1792366,6,1,"Original cohorts",916
"YUHS",1792797,1792797,1793457,1792366,6,2,"First cohort only",916
"YUHS",1792797,1792797,1793457,1792366,6,3,"Censoring at start of new time-at-risk",916
"YUHS",1792797,1792797,1793457,1792366,6,4,"Have at least 1 days at risk",911
"YUHS",1792797,1792797,1793457,1792366,6,5,"Matched on propensity score",0
"YUHS",1793457,1792797,1793457,1792366,6,1,"Original cohorts",17
"YUHS",1793457,1792797,1793457,1792366,6,2,"First cohort only",17
"YUHS",1793457,1792797,1793457,1792366,6,3,"Censoring at start of new time-at-risk",17
"YUHS",1793457,1792797,1793457,1792366,6,4,"Have at least 1 days at risk",17
"YUHS",1793457,1792797,1793457,1792366,6,5,"Matched on propensity score",0
"YUHS",1792797,1792797,1793457,1792367,6,1,"Original cohorts",916
"YUHS",1792797,1792797,1793457,1792367,6,2,"First cohort only",916
"YUHS",1792797,1792797,1793457,1792367,6,3,"Censoring at start of new time-at-risk",916
"YUHS",1792797,1792797,1793457,1792367,6,4,"Have at least 1 days at risk",911
"YUHS",1792797,1792797,1793457,1792367,6,5,"Matched on propensity score",0
"YUHS",1793457,1792797,1793457,1792367,6,1,"Original cohorts",17
"YUHS",1793457,1792797,1793457,1792367,6,2,"First cohort only",17
"YUHS",1793457,1792797,1793457,1792367,6,3,"Censoring at start of new time-at-risk",17
"YUHS",1793457,1792797,1793457,1792367,6,4,"Have at least 1 days at risk",17
"YUHS",1793457,1792797,1793457,1792367,6,5,"Matched on propensity score",0
"YUHS",1792797,1792797,1793457,1792368,6,1,"Original cohorts",916
"YUHS",1792797,1792797,1793457,1792368,6,2,"First cohort only",916
"YUHS",1792797,1792797,1793457,1792368,6,3,"Censoring at start of new time-at-risk",916
"YUHS",1792797,1792797,1793457,1792368,6,4,"Have at least 1 days at risk",911
"YUHS",1792797,1792797,1793457,1792368,6,5,"Matched on propensity score",0
"YUHS",1793457,1792797,1793457,1792368,6,1,"Original cohorts",17
"YUHS",1793457,1792797,1793457,1792368,6,2,"First cohort only",17
"YUHS",1793457,1792797,1793457,1792368,6,3,"Censoring at start of new time-at-risk",17
"YUHS",1793457,1792797,1793457,1792368,6,4,"Have at least 1 days at risk",17
"YUHS",1793457,1792797,1793457,1792368,6,5,"Matched on propensity score",0
"YUHS",1792797,1792797,1793457,1792369,6,1,"Original cohorts",916
"YUHS",1792797,1792797,1793457,1792369,6,2,"First cohort only",916
"YUHS",1792797,1792797,1793457,1792369,6,3,"Censoring at start of new time-at-risk",916
"YUHS",1792797,1792797,1793457,1792369,6,4,"Have at least 1 days at risk",911
"YUHS",1792797,1792797,1793457,1792369,6,5,"Matched on propensity score",0
"YUHS",1793457,1792797,1793457,1792369,6,1,"Original cohorts",17
"YUHS",1793457,1792797,1793457,1792369,6,2,"First cohort only",17
"YUHS",1793457,1792797,1793457,1792369,6,3,"Censoring at start of new time-at-risk",17
"YUHS",1793457,1792797,1793457,1792369,6,4,"Have at least 1 days at risk",17
"YUHS",1793457,1792797,1793457,1792369,6,5,"Matched on propensity score",0
"YUHS",1792797,1792797,1793457,1792370,6,1,"Original cohorts",916
"YUHS",1792797,1792797,1793457,1792370,6,2,"First cohort only",916
"YUHS",1792797,1792797,1793457,1792370,6,3,"Censoring at start of new time-at-risk",916
"YUHS",1792797,1792797,1793457,1792370,6,4,"Have at least 1 days at risk",911
"YUHS",1792797,1792797,1793457,1792370,6,5,"Matched on propensity score",0
"YUHS",1793457,1792797,1793457,1792370,6,1,"Original cohorts",17
"YUHS",1793457,1792797,1793457,1792370,6,2,"First cohort only",17
"YUHS",1793457,1792797,1793457,1792370,6,3,"Censoring at start of new time-at-risk",17
"YUHS",1793457,1792797,1793457,1792370,6,4,"Have at least 1 days at risk",17
"YUHS",1793457,1792797,1793457,1792370,6,5,"Matched on propensity score",0
"YUHS",1792797,1792797,1793457,1792371,6,1,"Original cohorts",916
"YUHS",1792797,1792797,1793457,1792371,6,2,"First cohort only",916
"YUHS",1792797,1792797,1793457,1792371,6,3,"Censoring at start of new time-at-risk",916
"YUHS",1792797,1792797,1793457,1792371,6,4,"Have at least 1 days at risk",911
"YUHS",1792797,1792797,1793457,1792371,6,5,"Matched on propensity score",0
"YUHS",1793457,1792797,1793457,1792371,6,1,"Original cohorts",17
"YUHS",1793457,1792797,1793457,1792371,6,2,"First cohort only",17
"YUHS",1793457,1792797,1793457,1792371,6,3,"Censoring at start of new time-at-risk",17
"YUHS",1793457,1792797,1793457,1792371,6,4,"Have at least 1 days at risk",17
"YUHS",1793457,1792797,1793457,1792371,6,5,"Matched on propensity score",0
"YUHS",1792797,1792797,1793457,1792372,6,1,"Original cohorts",916
"YUHS",1792797,1792797,1793457,1792372,6,2,"First cohort only",916
"YUHS",1792797,1792797,1793457,1792372,6,3,"Censoring at start of new time-at-risk",916
"YUHS",1792797,1792797,1793457,1792372,6,4,"Have at least 1 days at risk",911
"YUHS",1792797,1792797,1793457,1792372,6,5,"Matched on propensity score",0
"YUHS",1793457,1792797,1793457,1792372,6,1,"Original cohorts",17
"YUHS",1793457,1792797,1793457,1792372,6,2,"First cohort only",17
"YUHS",1793457,1792797,1793457,1792372,6,3,"Censoring at start of new time-at-risk",17
"YUHS",1793457,1792797,1793457,1792372,6,4,"Have at least 1 days at risk",17
"YUHS",1793457,1792797,1793457,1792372,6,5,"Matched on propensity score",0
"YUHS",1792797,1792797,1793457,1792373,6,1,"Original cohorts",916
"YUHS",1792797,1792797,1793457,1792373,6,2,"First cohort only",916
"YUHS",1792797,1792797,1793457,1792373,6,3,"Censoring at start of new time-at-risk",916
"YUHS",1792797,1792797,1793457,1792373,6,4,"Have at least 1 days at risk",911
"YUHS",1792797,1792797,1793457,1792373,6,5,"Matched on propensity score",0
"YUHS",1793457,1792797,1793457,1792373,6,1,"Original cohorts",17
"YUHS",1793457,1792797,1793457,1792373,6,2,"First cohort only",17
"YUHS",1793457,1792797,1793457,1792373,6,3,"Censoring at start of new time-at-risk",17
"YUHS",1793457,1792797,1793457,1792373,6,4,"Have at least 1 days at risk",17
"YUHS",1793457,1792797,1793457,1792373,6,5,"Matched on propensity score",0
"YUHS",1792797,1792797,1793457,1792374,6,1,"Original cohorts",916
"YUHS",1792797,1792797,1793457,1792374,6,2,"First cohort only",916
"YUHS",1792797,1792797,1793457,1792374,6,3,"Censoring at start of new time-at-risk",916
"YUHS",1792797,1792797,1793457,1792374,6,4,"Have at least 1 days at risk",911
"YUHS",1792797,1792797,1793457,1792374,6,5,"Matched on propensity score",0
"YUHS",1793457,1792797,1793457,1792374,6,1,"Original cohorts",17
"YUHS",1793457,1792797,1793457,1792374,6,2,"First cohort only",17
"YUHS",1793457,1792797,1793457,1792374,6,3,"Censoring at start of new time-at-risk",17
"YUHS",1793457,1792797,1793457,1792374,6,4,"Have at least 1 days at risk",17
"YUHS",1793457,1792797,1793457,1792374,6,5,"Matched on propensity score",0
"YUHS",1792797,1792797,1793457,1792364,7,1,"Original cohorts",916
"YUHS",1792797,1792797,1793457,1792364,7,2,"First cohort only",916
"YUHS",1792797,1792797,1793457,1792364,7,3,"Censoring at start of new time-at-risk",916
"YUHS",1792797,1792797,1793457,1792364,7,4,"Have at least 1 days at risk",911
"YUHS",1792797,1792797,1793457,1792364,7,5,"Matched on propensity score",0
"YUHS",1793457,1792797,1793457,1792364,7,1,"Original cohorts",17
"YUHS",1793457,1792797,1793457,1792364,7,2,"First cohort only",17
"YUHS",1793457,1792797,1793457,1792364,7,3,"Censoring at start of new time-at-risk",17
"YUHS",1793457,1792797,1793457,1792364,7,4,"Have at least 1 days at risk",17
"YUHS",1793457,1792797,1793457,1792364,7,5,"Matched on propensity score",0
"YUHS",1792797,1792797,1793457,1792365,7,1,"Original cohorts",916
"YUHS",1792797,1792797,1793457,1792365,7,2,"First cohort only",916
"YUHS",1792797,1792797,1793457,1792365,7,3,"Censoring at start of new time-at-risk",916
"YUHS",1792797,1792797,1793457,1792365,7,4,"Have at least 1 days at risk",911
"YUHS",1792797,1792797,1793457,1792365,7,5,"Matched on propensity score",0
"YUHS",1793457,1792797,1793457,1792365,7,1,"Original cohorts",17
"YUHS",1793457,1792797,1793457,1792365,7,2,"First cohort only",17
"YUHS",1793457,1792797,1793457,1792365,7,3,"Censoring at start of new time-at-risk",17
"YUHS",1793457,1792797,1793457,1792365,7,4,"Have at least 1 days at risk",17
"YUHS",1793457,1792797,1793457,1792365,7,5,"Matched on propensity score",0
"YUHS",1792797,1792797,1793457,1792366,7,1,"Original cohorts",916
"YUHS",1792797,1792797,1793457,1792366,7,2,"First cohort only",916
"YUHS",1792797,1792797,1793457,1792366,7,3,"Censoring at start of new time-at-risk",916
"YUHS",1792797,1792797,1793457,1792366,7,4,"Have at least 1 days at risk",911
"YUHS",1792797,1792797,1793457,1792366,7,5,"Matched on propensity score",0
"YUHS",1793457,1792797,1793457,1792366,7,1,"Original cohorts",17
"YUHS",1793457,1792797,1793457,1792366,7,2,"First cohort only",17
"YUHS",1793457,1792797,1793457,1792366,7,3,"Censoring at start of new time-at-risk",17
"YUHS",1793457,1792797,1793457,1792366,7,4,"Have at least 1 days at risk",17
"YUHS",1793457,1792797,1793457,1792366,7,5,"Matched on propensity score",0
"YUHS",1792797,1792797,1793457,1792367,7,1,"Original cohorts",916
"YUHS",1792797,1792797,1793457,1792367,7,2,"First cohort only",916
"YUHS",1792797,1792797,1793457,1792367,7,3,"Censoring at start of new time-at-risk",916
"YUHS",1792797,1792797,1793457,1792367,7,4,"Have at least 1 days at risk",911
"YUHS",1792797,1792797,1793457,1792367,7,5,"Matched on propensity score",0
"YUHS",1793457,1792797,1793457,1792367,7,1,"Original cohorts",17
"YUHS",1793457,1792797,1793457,1792367,7,2,"First cohort only",17
"YUHS",1793457,1792797,1793457,1792367,7,3,"Censoring at start of new time-at-risk",17
"YUHS",1793457,1792797,1793457,1792367,7,4,"Have at least 1 days at risk",17
"YUHS",1793457,1792797,1793457,1792367,7,5,"Matched on propensity score",0
"YUHS",1792797,1792797,1793457,1792368,7,1,"Original cohorts",916
"YUHS",1792797,1792797,1793457,1792368,7,2,"First cohort only",916
"YUHS",1792797,1792797,1793457,1792368,7,3,"Censoring at start of new time-at-risk",916
"YUHS",1792797,1792797,1793457,1792368,7,4,"Have at least 1 days at risk",911
"YUHS",1792797,1792797,1793457,1792368,7,5,"Matched on propensity score",0
"YUHS",1793457,1792797,1793457,1792368,7,1,"Original cohorts",17
"YUHS",1793457,1792797,1793457,1792368,7,2,"First cohort only",17
"YUHS",1793457,1792797,1793457,1792368,7,3,"Censoring at start of new time-at-risk",17
"YUHS",1793457,1792797,1793457,1792368,7,4,"Have at least 1 days at risk",17
"YUHS",1793457,1792797,1793457,1792368,7,5,"Matched on propensity score",0
"YUHS",1792797,1792797,1793457,1792369,7,1,"Original cohorts",916
"YUHS",1792797,1792797,1793457,1792369,7,2,"First cohort only",916
"YUHS",1792797,1792797,1793457,1792369,7,3,"Censoring at start of new time-at-risk",916
"YUHS",1792797,1792797,1793457,1792369,7,4,"Have at least 1 days at risk",911
"YUHS",1792797,1792797,1793457,1792369,7,5,"Matched on propensity score",0
"YUHS",1793457,1792797,1793457,1792369,7,1,"Original cohorts",17
"YUHS",1793457,1792797,1793457,1792369,7,2,"First cohort only",17
"YUHS",1793457,1792797,1793457,1792369,7,3,"Censoring at start of new time-at-risk",17
"YUHS",1793457,1792797,1793457,1792369,7,4,"Have at least 1 days at risk",17
"YUHS",1793457,1792797,1793457,1792369,7,5,"Matched on propensity score",0
"YUHS",1792797,1792797,1793457,1792370,7,1,"Original cohorts",916
"YUHS",1792797,1792797,1793457,1792370,7,2,"First cohort only",916
"YUHS",1792797,1792797,1793457,1792370,7,3,"Censoring at start of new time-at-risk",916
"YUHS",1792797,1792797,1793457,1792370,7,4,"Have at least 1 days at risk",911
"YUHS",1792797,1792797,1793457,1792370,7,5,"Matched on propensity score",0
"YUHS",1793457,1792797,1793457,1792370,7,1,"Original cohorts",17
"YUHS",1793457,1792797,1793457,1792370,7,2,"First cohort only",17
"YUHS",1793457,1792797,1793457,1792370,7,3,"Censoring at start of new time-at-risk",17
"YUHS",1793457,1792797,1793457,1792370,7,4,"Have at least 1 days at risk",17
"YUHS",1793457,1792797,1793457,1792370,7,5,"Matched on propensity score",0
"YUHS",1792797,1792797,1793457,1792371,7,1,"Original cohorts",916
"YUHS",1792797,1792797,1793457,1792371,7,2,"First cohort only",916
"YUHS",1792797,1792797,1793457,1792371,7,3,"Censoring at start of new time-at-risk",916
"YUHS",1792797,1792797,1793457,1792371,7,4,"Have at least 1 days at risk",911
"YUHS",1792797,1792797,1793457,1792371,7,5,"Matched on propensity score",0
"YUHS",1793457,1792797,1793457,1792371,7,1,"Original cohorts",17
"YUHS",1793457,1792797,1793457,1792371,7,2,"First cohort only",17
"YUHS",1793457,1792797,1793457,1792371,7,3,"Censoring at start of new time-at-risk",17
"YUHS",1793457,1792797,1793457,1792371,7,4,"Have at least 1 days at risk",17
"YUHS",1793457,1792797,1793457,1792371,7,5,"Matched on propensity score",0
"YUHS",1792797,1792797,1793457,1792372,7,1,"Original cohorts",916
"YUHS",1792797,1792797,1793457,1792372,7,2,"First cohort only",916
"YUHS",1792797,1792797,1793457,1792372,7,3,"Censoring at start of new time-at-risk",916
"YUHS",1792797,1792797,1793457,1792372,7,4,"Have at least 1 days at risk",911
"YUHS",1792797,1792797,1793457,1792372,7,5,"Matched on propensity score",0
"YUHS",1793457,1792797,1793457,1792372,7,1,"Original cohorts",17
"YUHS",1793457,1792797,1793457,1792372,7,2,"First cohort only",17
"YUHS",1793457,1792797,1793457,1792372,7,3,"Censoring at start of new time-at-risk",17
"YUHS",1793457,1792797,1793457,1792372,7,4,"Have at least 1 days at risk",17
"YUHS",1793457,1792797,1793457,1792372,7,5,"Matched on propensity score",0
"YUHS",1792797,1792797,1793457,1792373,7,1,"Original cohorts",916
"YUHS",1792797,1792797,1793457,1792373,7,2,"First cohort only",916
"YUHS",1792797,1792797,1793457,1792373,7,3,"Censoring at start of new time-at-risk",916
"YUHS",1792797,1792797,1793457,1792373,7,4,"Have at least 1 days at risk",911
"YUHS",1792797,1792797,1793457,1792373,7,5,"Matched on propensity score",0
"YUHS",1793457,1792797,1793457,1792373,7,1,"Original cohorts",17
"YUHS",1793457,1792797,1793457,1792373,7,2,"First cohort only",17
"YUHS",1793457,1792797,1793457,1792373,7,3,"Censoring at start of new time-at-risk",17
"YUHS",1793457,1792797,1793457,1792373,7,4,"Have at least 1 days at risk",17
"YUHS",1793457,1792797,1793457,1792373,7,5,"Matched on propensity score",0
"YUHS",1792797,1792797,1793457,1792374,7,1,"Original cohorts",916
"YUHS",1792797,1792797,1793457,1792374,7,2,"First cohort only",916
"YUHS",1792797,1792797,1793457,1792374,7,3,"Censoring at start of new time-at-risk",916
"YUHS",1792797,1792797,1793457,1792374,7,4,"Have at least 1 days at risk",911
"YUHS",1792797,1792797,1793457,1792374,7,5,"Matched on propensity score",0
"YUHS",1793457,1792797,1793457,1792374,7,1,"Original cohorts",17
"YUHS",1793457,1792797,1793457,1792374,7,2,"First cohort only",17
"YUHS",1793457,1792797,1793457,1792374,7,3,"Censoring at start of new time-at-risk",17
"YUHS",1793457,1792797,1793457,1792374,7,4,"Have at least 1 days at risk",17
"YUHS",1793457,1792797,1793457,1792374,7,5,"Matched on propensity score",0
"YUHS",1792797,1792797,1793457,1792364,8,1,"Original cohorts",916
"YUHS",1792797,1792797,1793457,1792364,8,2,"First cohort only",916
"YUHS",1792797,1792797,1793457,1792364,8,3,"Censoring at start of new time-at-risk",916
"YUHS",1792797,1792797,1793457,1792364,8,4,"Have at least 1 days at risk",911
"YUHS",1793457,1792797,1793457,1792364,8,1,"Original cohorts",17
"YUHS",1793457,1792797,1793457,1792364,8,2,"First cohort only",17
"YUHS",1793457,1792797,1793457,1792364,8,3,"Censoring at start of new time-at-risk",17
"YUHS",1793457,1792797,1793457,1792364,8,4,"Have at least 1 days at risk",17
"YUHS",1792797,1792797,1793457,1792365,8,1,"Original cohorts",916
"YUHS",1792797,1792797,1793457,1792365,8,2,"First cohort only",916
"YUHS",1792797,1792797,1793457,1792365,8,3,"Censoring at start of new time-at-risk",916
"YUHS",1792797,1792797,1793457,1792365,8,4,"Have at least 1 days at risk",911
"YUHS",1793457,1792797,1793457,1792365,8,1,"Original cohorts",17
"YUHS",1793457,1792797,1793457,1792365,8,2,"First cohort only",17
"YUHS",1793457,1792797,1793457,1792365,8,3,"Censoring at start of new time-at-risk",17
"YUHS",1793457,1792797,1793457,1792365,8,4,"Have at least 1 days at risk",17
"YUHS",1792797,1792797,1793457,1792366,8,1,"Original cohorts",916
"YUHS",1792797,1792797,1793457,1792366,8,2,"First cohort only",916
"YUHS",1792797,1792797,1793457,1792366,8,3,"Censoring at start of new time-at-risk",916
"YUHS",1792797,1792797,1793457,1792366,8,4,"Have at least 1 days at risk",911
"YUHS",1793457,1792797,1793457,1792366,8,1,"Original cohorts",17
"YUHS",1793457,1792797,1793457,1792366,8,2,"First cohort only",17
"YUHS",1793457,1792797,1793457,1792366,8,3,"Censoring at start of new time-at-risk",17
"YUHS",1793457,1792797,1793457,1792366,8,4,"Have at least 1 days at risk",17
"YUHS",1792797,1792797,1793457,1792367,8,1,"Original cohorts",916
"YUHS",1792797,1792797,1793457,1792367,8,2,"First cohort only",916
"YUHS",1792797,1792797,1793457,1792367,8,3,"Censoring at start of new time-at-risk",916
"YUHS",1792797,1792797,1793457,1792367,8,4,"Have at least 1 days at risk",911
"YUHS",1793457,1792797,1793457,1792367,8,1,"Original cohorts",17
"YUHS",1793457,1792797,1793457,1792367,8,2,"First cohort only",17
"YUHS",1793457,1792797,1793457,1792367,8,3,"Censoring at start of new time-at-risk",17
"YUHS",1793457,1792797,1793457,1792367,8,4,"Have at least 1 days at risk",17
"YUHS",1792797,1792797,1793457,1792368,8,1,"Original cohorts",916
"YUHS",1792797,1792797,1793457,1792368,8,2,"First cohort only",916
"YUHS",1792797,1792797,1793457,1792368,8,3,"Censoring at start of new time-at-risk",916
"YUHS",1792797,1792797,1793457,1792368,8,4,"Have at least 1 days at risk",911
"YUHS",1793457,1792797,1793457,1792368,8,1,"Original cohorts",17
"YUHS",1793457,1792797,1793457,1792368,8,2,"First cohort only",17
"YUHS",1793457,1792797,1793457,1792368,8,3,"Censoring at start of new time-at-risk",17
"YUHS",1793457,1792797,1793457,1792368,8,4,"Have at least 1 days at risk",17
"YUHS",1792797,1792797,1793457,1792369,8,1,"Original cohorts",916
"YUHS",1792797,1792797,1793457,1792369,8,2,"First cohort only",916
"YUHS",1792797,1792797,1793457,1792369,8,3,"Censoring at start of new time-at-risk",916
"YUHS",1792797,1792797,1793457,1792369,8,4,"Have at least 1 days at risk",911
"YUHS",1793457,1792797,1793457,1792369,8,1,"Original cohorts",17
"YUHS",1793457,1792797,1793457,1792369,8,2,"First cohort only",17
"YUHS",1793457,1792797,1793457,1792369,8,3,"Censoring at start of new time-at-risk",17
"YUHS",1793457,1792797,1793457,1792369,8,4,"Have at least 1 days at risk",17
"YUHS",1792797,1792797,1793457,1792370,8,1,"Original cohorts",916
"YUHS",1792797,1792797,1793457,1792370,8,2,"First cohort only",916
"YUHS",1792797,1792797,1793457,1792370,8,3,"Censoring at start of new time-at-risk",916
"YUHS",1792797,1792797,1793457,1792370,8,4,"Have at least 1 days at risk",911
"YUHS",1793457,1792797,1793457,1792370,8,1,"Original cohorts",17
"YUHS",1793457,1792797,1793457,1792370,8,2,"First cohort only",17
"YUHS",1793457,1792797,1793457,1792370,8,3,"Censoring at start of new time-at-risk",17
"YUHS",1793457,1792797,1793457,1792370,8,4,"Have at least 1 days at risk",17
"YUHS",1792797,1792797,1793457,1792371,8,1,"Original cohorts",916
"YUHS",1792797,1792797,1793457,1792371,8,2,"First cohort only",916
"YUHS",1792797,1792797,1793457,1792371,8,3,"Censoring at start of new time-at-risk",916
"YUHS",1792797,1792797,1793457,1792371,8,4,"Have at least 1 days at risk",911
"YUHS",1793457,1792797,1793457,1792371,8,1,"Original cohorts",17
"YUHS",1793457,1792797,1793457,1792371,8,2,"First cohort only",17
"YUHS",1793457,1792797,1793457,1792371,8,3,"Censoring at start of new time-at-risk",17
"YUHS",1793457,1792797,1793457,1792371,8,4,"Have at least 1 days at risk",17
"YUHS",1792797,1792797,1793457,1792372,8,1,"Original cohorts",916
"YUHS",1792797,1792797,1793457,1792372,8,2,"First cohort only",916
"YUHS",1792797,1792797,1793457,1792372,8,3,"Censoring at start of new time-at-risk",916
"YUHS",1792797,1792797,1793457,1792372,8,4,"Have at least 1 days at risk",911
"YUHS",1793457,1792797,1793457,1792372,8,1,"Original cohorts",17
"YUHS",1793457,1792797,1793457,1792372,8,2,"First cohort only",17
"YUHS",1793457,1792797,1793457,1792372,8,3,"Censoring at start of new time-at-risk",17
"YUHS",1793457,1792797,1793457,1792372,8,4,"Have at least 1 days at risk",17
"YUHS",1792797,1792797,1793457,1792373,8,1,"Original cohorts",916
"YUHS",1792797,1792797,1793457,1792373,8,2,"First cohort only",916
"YUHS",1792797,1792797,1793457,1792373,8,3,"Censoring at start of new time-at-risk",916
"YUHS",1792797,1792797,1793457,1792373,8,4,"Have at least 1 days at risk",911
"YUHS",1793457,1792797,1793457,1792373,8,1,"Original cohorts",17
"YUHS",1793457,1792797,1793457,1792373,8,2,"First cohort only",17
"YUHS",1793457,1792797,1793457,1792373,8,3,"Censoring at start of new time-at-risk",17
"YUHS",1793457,1792797,1793457,1792373,8,4,"Have at least 1 days at risk",17
"YUHS",1792797,1792797,1793457,1792374,8,1,"Original cohorts",916
"YUHS",1792797,1792797,1793457,1792374,8,2,"First cohort only",916
"YUHS",1792797,1792797,1793457,1792374,8,3,"Censoring at start of new time-at-risk",916
"YUHS",1792797,1792797,1793457,1792374,8,4,"Have at least 1 days at risk",911
"YUHS",1793457,1792797,1793457,1792374,8,1,"Original cohorts",17
"YUHS",1793457,1792797,1793457,1792374,8,2,"First cohort only",17
"YUHS",1793457,1792797,1793457,1792374,8,3,"Censoring at start of new time-at-risk",17
"YUHS",1793457,1792797,1793457,1792374,8,4,"Have at least 1 days at risk",17
