target_id,comparator_id,outcome_id,analysis_id,rr,ci_95_lb,ci_95_ub,p,i_2,log_rr,se_log_rr,target_subjects,comparator_subjects,target_days,comparator_days,target_outcomes,comparator_outcomes,calibrated_p,calibrated_rr,calibrated_ci_95_lb,calibrated_ci_95_ub,calibrated_log_rr,calibrated_se_log_rr,database_id
1792797,1793457,30234,1,NA,NA,NA,NA,NA,NA,NA,16,16,4014,6697,0,0,NA,NA,NA,NA,NA,NA,YUHS
1792797,1793457,4114197,1,NA,NA,NA,NA,NA,NA,NA,16,16,4014,6697,0,0,NA,NA,NA,NA,NA,NA,YUHS
1792797,1793457,134765,1,NA,NA,NA,NA,NA,NA,NA,16,16,4014,6697,0,0,NA,NA,NA,NA,NA,NA,YUHS
1792797,1793457,377535,1,NA,NA,NA,NA,NA,NA,NA,16,16,4014,6697,0,0,NA,NA,NA,NA,NA,NA,YUHS
1792797,1793457,194997,1,NA,NA,NA,NA,NA,NA,NA,16,16,4014,6697,0,0,NA,NA,NA,NA,NA,NA,YUHS
1792797,1793457,1792374,1,NA,NA,NA,NA,NA,NA,NA,16,16,4013,6697,-5,0,NA,NA,NA,NA,NA,NA,YUHS
1792797,1793457,436100,1,NA,NA,NA,NA,NA,NA,NA,16,16,4014,6697,0,0,NA,NA,NA,NA,NA,NA,YUHS
1792797,1793457,377910,1,NA,NA,NA,NA,NA,NA,NA,16,16,4014,6697,0,0,NA,NA,NA,NA,NA,NA,YUHS
1792797,1793457,1792369,1,0.135335283236613,NA,1.9661485474312,NA,NA,-2,NA,16,16,4014,4251,0,-5,NA,NA,NA,NA,NA,NA,YUHS
1792797,1793457,261880,1,NA,NA,NA,NA,NA,NA,NA,16,16,4014,6697,0,0,NA,NA,NA,NA,NA,NA,YUHS
1792797,1793457,135215,1,NA,NA,NA,NA,NA,NA,NA,16,16,4014,6697,0,0,NA,NA,NA,NA,NA,NA,YUHS
1792797,1793457,30441,1,NA,NA,NA,NA,NA,NA,NA,16,16,4014,6697,0,0,NA,NA,NA,NA,NA,NA,YUHS
1792797,1793457,199074,1,NA,NA,NA,NA,NA,NA,NA,16,16,4014,6697,0,0,NA,NA,NA,NA,NA,NA,YUHS
1792797,1793457,4135082,1,NA,NA,NA,NA,NA,NA,NA,16,16,4014,6697,0,0,NA,NA,NA,NA,NA,NA,YUHS
1792797,1793457,1792365,1,NA,NA,NA,NA,NA,NA,NA,16,16,4014,6697,-5,0,NA,NA,NA,NA,NA,NA,YUHS
1792797,1793457,138463,1,NA,NA,NA,NA,NA,NA,NA,16,16,4014,6697,0,0,NA,NA,NA,NA,NA,NA,YUHS
1792797,1793457,72418,1,NA,NA,NA,NA,NA,NA,NA,16,16,4014,6697,0,0,NA,NA,NA,NA,NA,NA,YUHS
1792797,1793457,1792370,1,0.135335283236613,NA,1.9661485474312,NA,NA,-2,NA,16,16,4014,6571,0,-5,NA,NA,NA,NA,NA,NA,YUHS
1792797,1793457,4142905,1,NA,NA,NA,NA,NA,NA,NA,16,16,4014,6697,0,0,NA,NA,NA,NA,NA,NA,YUHS
1792797,1793457,199861,1,NA,NA,NA,NA,NA,NA,NA,16,16,4014,6697,0,0,NA,NA,NA,NA,NA,NA,YUHS
1792797,1793457,75576,1,NA,NA,NA,NA,NA,NA,NA,16,16,4014,6697,0,0,NA,NA,NA,NA,NA,NA,YUHS
1792797,1793457,436676,1,NA,NA,NA,NA,NA,NA,NA,16,16,4014,6697,0,0,NA,NA,NA,NA,NA,NA,YUHS
1792797,1793457,381581,1,NA,NA,NA,NA,NA,NA,NA,16,16,4014,6697,0,0,NA,NA,NA,NA,NA,NA,YUHS
1792797,1793457,440424,1,NA,NA,NA,NA,NA,NA,NA,16,16,4014,6697,0,0,NA,NA,NA,NA,NA,NA,YUHS
1792797,1793457,380094,1,NA,NA,NA,NA,NA,NA,NA,16,16,4014,6697,0,0,NA,NA,NA,NA,NA,NA,YUHS
1792797,1793457,72576,1,NA,NA,NA,NA,NA,NA,NA,16,16,4014,6697,0,0,NA,NA,NA,NA,NA,NA,YUHS
1792797,1793457,201792,1,NA,NA,NA,NA,NA,NA,NA,16,16,4014,6697,0,0,NA,NA,NA,NA,NA,NA,YUHS
1792797,1793457,376707,1,NA,NA,NA,NA,NA,NA,NA,16,16,4014,6697,0,0,NA,NA,NA,NA,NA,NA,YUHS
1792797,1793457,4150372,1,NA,NA,NA,NA,NA,NA,NA,16,16,4014,6697,0,0,NA,NA,NA,NA,NA,NA,YUHS
1792797,1793457,4047787,1,NA,NA,NA,NA,NA,NA,NA,16,16,4014,6697,0,0,NA,NA,NA,NA,NA,NA,YUHS
1792797,1793457,1792372,1,NA,NA,NA,NA,NA,NA,NA,16,16,4014,6697,0,0,NA,NA,NA,NA,NA,NA,YUHS
1792797,1793457,1792367,1,9.59713049391343e-10,NA,1.6128994352159,NA,NA,-20.7643867830323,NA,16,16,4014,4251,-5,-5,NA,NA,NA,NA,NA,NA,YUHS
1792797,1793457,140168,1,NA,NA,NA,NA,NA,NA,NA,16,16,4014,6697,0,0,NA,NA,NA,NA,NA,NA,YUHS
1792797,1793457,198202,1,NA,NA,NA,NA,NA,NA,NA,16,16,4014,6697,0,0,NA,NA,NA,NA,NA,NA,YUHS
1792797,1793457,4153877,1,NA,NA,NA,NA,NA,NA,NA,16,16,4014,6697,0,0,NA,NA,NA,NA,NA,NA,YUHS
1792797,1793457,73300,1,NA,NA,NA,NA,NA,NA,NA,16,16,4014,6697,0,0,NA,NA,NA,NA,NA,NA,YUHS
1792797,1793457,4215978,1,NA,NA,NA,NA,NA,NA,NA,16,16,4014,6697,0,0,NA,NA,NA,NA,NA,NA,YUHS
1792797,1793457,42873169,1,NA,NA,NA,NA,NA,NA,NA,16,16,4014,6697,0,0,NA,NA,NA,NA,NA,NA,YUHS
1792797,1793457,374366,1,NA,NA,NA,NA,NA,NA,NA,16,16,4014,6697,0,0,NA,NA,NA,NA,NA,NA,YUHS
1792797,1793457,261326,1,NA,NA,NA,NA,NA,NA,NA,16,16,4014,6697,0,0,NA,NA,NA,NA,NA,NA,YUHS
1792797,1793457,140362,1,NA,NA,NA,NA,NA,NA,NA,16,16,4014,6697,0,0,NA,NA,NA,NA,NA,NA,YUHS
1792797,1793457,444367,1,NA,NA,NA,NA,NA,NA,NA,16,16,4014,6697,0,0,NA,NA,NA,NA,NA,NA,YUHS
1792797,1793457,74189,1,NA,NA,NA,NA,NA,NA,NA,16,16,4014,6697,0,0,NA,NA,NA,NA,NA,NA,YUHS
1792797,1793457,380731,1,NA,NA,NA,NA,NA,NA,NA,16,16,4014,6697,0,0,NA,NA,NA,NA,NA,NA,YUHS
1792797,1793457,4299544,1,NA,NA,NA,NA,NA,NA,NA,16,16,4014,6697,0,0,NA,NA,NA,NA,NA,NA,YUHS
1792797,1793457,4172458,1,NA,NA,NA,NA,NA,NA,NA,16,16,4014,6697,0,0,NA,NA,NA,NA,NA,NA,YUHS
1792797,1793457,4028970,1,NA,NA,NA,NA,NA,NA,NA,16,16,4014,6697,0,0,NA,NA,NA,NA,NA,NA,YUHS
1792797,1793457,380839,1,NA,NA,NA,NA,NA,NA,NA,16,16,4014,6697,0,0,NA,NA,NA,NA,NA,NA,YUHS
1792797,1793457,133228,1,NA,NA,NA,NA,NA,NA,NA,16,16,4014,6697,0,0,NA,NA,NA,NA,NA,NA,YUHS
1792797,1793457,4218106,1,NA,NA,NA,NA,NA,NA,NA,16,16,4014,6697,0,0,NA,NA,NA,NA,NA,NA,YUHS
1792797,1793457,74855,1,NA,NA,NA,NA,NA,NA,NA,16,16,4014,6697,0,0,NA,NA,NA,NA,NA,NA,YUHS
1792797,1793457,439840,1,NA,NA,NA,NA,NA,NA,NA,16,16,4014,6697,0,0,NA,NA,NA,NA,NA,NA,YUHS
1792797,1793457,4001458,1,NA,NA,NA,NA,NA,NA,NA,16,16,4014,6697,0,0,NA,NA,NA,NA,NA,NA,YUHS
1792797,1793457,4171915,1,NA,NA,NA,NA,NA,NA,NA,16,16,4014,6697,0,0,NA,NA,NA,NA,NA,NA,YUHS
1792797,1793457,4304008,1,NA,NA,NA,NA,NA,NA,NA,16,16,4014,6697,0,0,NA,NA,NA,NA,NA,NA,YUHS
1792797,1793457,381444,1,NA,NA,NA,NA,NA,NA,NA,16,16,4014,6697,0,0,NA,NA,NA,NA,NA,NA,YUHS
1792797,1793457,433527,1,NA,NA,NA,NA,NA,NA,NA,16,16,4014,6697,0,0,NA,NA,NA,NA,NA,NA,YUHS
1792797,1793457,141933,1,NA,NA,NA,NA,NA,NA,NA,16,16,4014,6697,0,0,NA,NA,NA,NA,NA,NA,YUHS
1792797,1793457,438407,1,NA,NA,NA,NA,NA,NA,NA,16,16,4014,6697,0,0,NA,NA,NA,NA,NA,NA,YUHS
1792797,1793457,134619,1,NA,NA,NA,NA,NA,NA,NA,16,16,4014,6697,0,0,NA,NA,NA,NA,NA,NA,YUHS
1792797,1793457,436675,1,NA,NA,NA,NA,NA,NA,NA,16,16,4014,6697,0,0,NA,NA,NA,NA,NA,NA,YUHS
1792797,1793457,432590,1,NA,NA,NA,NA,NA,NA,NA,16,16,4014,6697,0,0,NA,NA,NA,NA,NA,NA,YUHS
1792797,1793457,434626,1,NA,NA,NA,NA,NA,NA,NA,16,16,4014,6697,0,0,NA,NA,NA,NA,NA,NA,YUHS
1792797,1793457,437082,1,NA,NA,NA,NA,NA,NA,NA,16,16,4014,6697,0,0,NA,NA,NA,NA,NA,NA,YUHS
1792797,1793457,4239381,1,NA,NA,NA,NA,NA,NA,NA,16,16,4014,6697,0,0,NA,NA,NA,NA,NA,NA,YUHS
1792797,1793457,318800,1,2.33333333333333,0.648695890738148,10.8261315327973,0.238009145163974,NA,0.847297860387204,0.718062697480801,16,16,2661,5311,7,5,NA,NA,NA,NA,NA,NA,YUHS
1792797,1793457,77965,1,NA,NA,NA,NA,NA,NA,NA,16,16,4014,6697,0,0,NA,NA,NA,NA,NA,NA,YUHS
1792797,1793457,1792371,1,NA,NA,NA,NA,NA,NA,NA,16,16,4014,4377,0,-5,NA,NA,NA,NA,NA,NA,YUHS
1792797,1793457,192606,1,NA,NA,NA,NA,NA,NA,NA,16,16,4014,6697,0,0,NA,NA,NA,NA,NA,NA,YUHS
1792797,1793457,4108467,1,NA,NA,NA,NA,NA,NA,NA,16,16,4014,6697,0,0,NA,NA,NA,NA,NA,NA,YUHS
1792797,1793457,435093,1,NA,NA,NA,NA,NA,NA,NA,16,16,4014,6697,0,0,NA,NA,NA,NA,NA,NA,YUHS
1792797,1793457,197036,1,NA,NA,NA,NA,NA,NA,NA,16,16,4014,6697,0,0,NA,NA,NA,NA,NA,NA,YUHS
1792797,1793457,440129,1,NA,NA,NA,NA,NA,NA,NA,16,16,4014,6697,0,0,NA,NA,NA,NA,NA,NA,YUHS
1792797,1793457,253796,1,NA,NA,NA,NA,NA,NA,NA,16,16,4014,6697,0,0,NA,NA,NA,NA,NA,NA,YUHS
1792797,1793457,195212,1,NA,NA,NA,NA,NA,NA,NA,16,16,4014,6697,0,0,NA,NA,NA,NA,NA,NA,YUHS
1792797,1793457,80509,1,NA,NA,NA,NA,NA,NA,NA,16,16,4014,6697,0,0,NA,NA,NA,NA,NA,NA,YUHS
1792797,1793457,4280571,1,NA,NA,NA,NA,NA,NA,NA,16,16,4014,6697,0,0,NA,NA,NA,NA,NA,NA,YUHS
1792797,1793457,194696,1,NA,NA,NA,NA,NA,NA,NA,16,16,4014,6697,0,0,NA,NA,NA,NA,NA,NA,YUHS
1792797,1793457,4288544,1,NA,NA,NA,NA,NA,NA,NA,16,16,4014,6697,0,0,NA,NA,NA,NA,NA,NA,YUHS
1792797,1793457,198803,1,1,0.0395799610481354,25.2653103620755,1,NA,0,1.64769982939051,16,16,4003,6333,-5,-5,NA,NA,NA,NA,NA,NA,YUHS
1792797,1793457,81336,1,NA,NA,NA,NA,NA,NA,NA,16,16,4014,6697,0,0,NA,NA,NA,NA,NA,NA,YUHS
1792797,1793457,433440,1,NA,NA,NA,NA,NA,NA,NA,16,16,4014,6697,0,0,NA,NA,NA,NA,NA,NA,YUHS
1792797,1793457,1792366,1,9.59713049391343e-10,NA,1.6128994352159,NA,NA,-20.7643867830323,NA,16,16,4013,4251,-5,-5,NA,NA,NA,NA,NA,NA,YUHS
1792797,1793457,4068482,1,NA,NA,NA,NA,NA,NA,NA,16,16,4014,6697,0,0,NA,NA,NA,NA,NA,NA,YUHS
1792797,1793457,4207307,1,NA,NA,NA,NA,NA,NA,NA,16,16,4014,6697,0,0,NA,NA,NA,NA,NA,NA,YUHS
1792797,1793457,378424,1,NA,NA,NA,NA,NA,NA,NA,16,16,4014,6697,0,0,NA,NA,NA,NA,NA,NA,YUHS
1792797,1793457,4092565,1,NA,NA,NA,NA,NA,NA,NA,16,16,4014,6697,0,0,NA,NA,NA,NA,NA,NA,YUHS
1792797,1793457,4339088,1,NA,NA,NA,NA,NA,NA,NA,16,16,4014,6697,0,0,NA,NA,NA,NA,NA,NA,YUHS
1792797,1793457,316457,1,NA,NA,NA,NA,NA,NA,NA,16,16,4014,6697,0,0,NA,NA,NA,NA,NA,NA,YUHS
1792797,1793457,380395,1,NA,NA,NA,NA,NA,NA,NA,16,16,4014,6697,0,0,NA,NA,NA,NA,NA,NA,YUHS
1792797,1793457,374655,1,NA,NA,NA,NA,NA,NA,NA,16,16,4014,6697,0,0,NA,NA,NA,NA,NA,NA,YUHS
1792797,1793457,81878,1,NA,NA,NA,NA,NA,NA,NA,16,16,4014,6697,0,0,NA,NA,NA,NA,NA,NA,YUHS
1792797,1793457,1792364,1,NA,NA,NA,NA,NA,NA,NA,16,16,4014,6697,-5,0,NA,NA,NA,NA,NA,NA,YUHS
1792797,1793457,139902,1,NA,NA,NA,NA,NA,NA,NA,16,16,4014,6697,0,0,NA,NA,NA,NA,NA,NA,YUHS
1792797,1793457,40443308,1,NA,NA,NA,NA,NA,NA,NA,16,16,4014,6697,0,0,NA,NA,NA,NA,NA,NA,YUHS
1792797,1793457,376132,1,NA,NA,NA,NA,NA,NA,NA,16,16,4014,6697,0,0,NA,NA,NA,NA,NA,NA,YUHS
1792797,1793457,4079750,1,NA,NA,NA,NA,NA,NA,NA,16,16,4014,6697,0,0,NA,NA,NA,NA,NA,NA,YUHS
1792797,1793457,4164337,1,NA,NA,NA,NA,NA,NA,NA,16,16,4014,6697,0,0,NA,NA,NA,NA,NA,NA,YUHS
1792797,1793457,4049417,1,NA,NA,NA,NA,NA,NA,NA,16,16,4014,6697,0,0,NA,NA,NA,NA,NA,NA,YUHS
1792797,1793457,440814,1,NA,NA,NA,NA,NA,NA,NA,16,16,4014,6697,0,0,NA,NA,NA,NA,NA,NA,YUHS
1792797,1793457,435613,1,NA,NA,NA,NA,NA,NA,NA,16,16,4014,6697,0,0,NA,NA,NA,NA,NA,NA,YUHS
1792797,1793457,376938,1,NA,NA,NA,NA,NA,NA,NA,16,16,4014,6697,0,0,NA,NA,NA,NA,NA,NA,YUHS
1792797,1793457,4131595,1,NA,NA,NA,NA,NA,NA,NA,16,16,4014,6697,0,0,NA,NA,NA,NA,NA,NA,YUHS
1792797,1793457,1792373,1,NA,NA,NA,NA,NA,NA,NA,16,16,4014,4377,0,-5,NA,NA,NA,NA,NA,NA,YUHS
1792797,1793457,198075,1,NA,NA,NA,NA,NA,NA,NA,16,16,4014,6697,0,0,NA,NA,NA,NA,NA,NA,YUHS
1792797,1793457,134453,1,NA,NA,NA,NA,NA,NA,NA,16,16,4014,6697,0,0,NA,NA,NA,NA,NA,NA,YUHS
1792797,1793457,373478,1,NA,NA,NA,NA,NA,NA,NA,16,16,4014,6697,0,0,NA,NA,NA,NA,NA,NA,YUHS
1792797,1793457,4223947,1,NA,NA,NA,NA,NA,NA,NA,16,16,4014,6697,0,0,NA,NA,NA,NA,NA,NA,YUHS
1792797,1793457,1792368,1,NA,NA,NA,NA,NA,NA,NA,16,16,4013,6697,-5,0,NA,NA,NA,NA,NA,NA,YUHS
1792797,1793457,433450,1,NA,NA,NA,NA,NA,NA,NA,16,16,4014,6697,0,0,NA,NA,NA,NA,NA,NA,YUHS
1792797,1793457,141323,1,NA,NA,NA,NA,NA,NA,NA,16,16,4014,6697,0,0,NA,NA,NA,NA,NA,NA,YUHS
1792797,1793457,74189,2,NA,NA,NA,NA,NA,NA,NA,819,16,230127,6697,0,0,NA,NA,NA,NA,NA,NA,YUHS
1792797,1793457,373478,2,71734589079535.8,0.0286051608181276,NA,NA,NA,31.9039941611505,NA,819,16,229419,6697,-5,0,NA,NA,NA,NA,NA,NA,YUHS
1792797,1793457,134765,2,NA,NA,NA,NA,NA,NA,NA,819,16,230127,6697,0,0,NA,NA,NA,NA,NA,NA,YUHS
1792797,1793457,201792,2,NA,NA,NA,NA,NA,NA,NA,819,16,230127,6697,0,0,NA,NA,NA,NA,NA,NA,YUHS
1792797,1793457,72576,2,NA,NA,NA,NA,NA,NA,NA,819,16,230127,6697,0,0,NA,NA,NA,NA,NA,NA,YUHS
1792797,1793457,139902,2,105049314929394,0.0118571328024245,NA,NA,NA,32.2854510218217,NA,819,16,229825,6697,-5,0,NA,NA,NA,NA,NA,NA,YUHS
1792797,1793457,1792368,2,67105282504275.3,0.181938445899858,NA,NA,NA,31.8372838826536,NA,819,16,227838,6697,18,0,NA,NA,NA,NA,NA,NA,YUHS
1792797,1793457,381444,2,NA,NA,NA,NA,NA,NA,NA,819,16,230127,6697,0,0,NA,NA,NA,NA,NA,NA,YUHS
1792797,1793457,1792371,2,0.112610634955183,0.0179445522767227,2.16797497627248,0.0741715170412145,NA,-2.18381911875626,1.2230485568771,819,16,229986,4377,5,-5,NA,NA,NA,NA,NA,NA,YUHS
1792797,1793457,436100,2,NA,NA,NA,NA,NA,NA,NA,819,16,229844,6697,-5,0,NA,NA,NA,NA,NA,NA,YUHS
1792797,1793457,140362,2,NA,NA,NA,NA,NA,NA,NA,819,16,230127,6697,0,0,NA,NA,NA,NA,NA,NA,YUHS
1792797,1793457,138463,2,NA,NA,NA,NA,NA,NA,NA,819,16,230127,6697,0,0,NA,NA,NA,NA,NA,NA,YUHS
1792797,1793457,433440,2,NA,NA,NA,NA,NA,NA,NA,819,16,229479,6697,-5,0,NA,NA,NA,NA,NA,NA,YUHS
1792797,1793457,194997,2,NA,NA,NA,NA,NA,NA,NA,819,16,229796,6697,-5,0,NA,NA,NA,NA,NA,NA,YUHS
1792797,1793457,4164337,2,75222482245574.7,0.0576732209809281,NA,NA,NA,31.9514712682345,NA,819,16,228608,6697,7,0,NA,NA,NA,NA,NA,NA,YUHS
1792797,1793457,1792369,2,0.195426324557331,0.0695266092278065,0.815900961445618,0.00935721574152831,NA,-1.63257182706921,0.62822160263199,819,16,223795,4251,30,-5,NA,NA,NA,NA,NA,NA,YUHS
1792797,1793457,4108467,2,NA,NA,NA,NA,NA,NA,NA,819,16,230127,6697,0,0,NA,NA,NA,NA,NA,NA,YUHS
1792797,1793457,1792367,2,0.283012175499824,0.103297346965968,1.16750259378304,0.0413105911740676,NA,-1.26226535929678,0.61863649978682,819,16,223466,4251,44,-5,NA,NA,NA,NA,NA,NA,YUHS
1792797,1793457,380395,2,NA,NA,NA,NA,NA,NA,NA,819,16,230127,6697,0,0,NA,NA,NA,NA,NA,NA,YUHS
1792797,1793457,133228,2,123334940312865,0.0894821516095671,NA,NA,NA,32.4459248623776,NA,819,16,227560,6697,8,0,NA,NA,NA,NA,NA,NA,YUHS
1792797,1793457,376132,2,NA,NA,NA,NA,NA,NA,NA,819,16,230127,6697,0,0,NA,NA,NA,NA,NA,NA,YUHS
1792797,1793457,4001458,2,93083860089411.8,0.020067937791183,NA,NA,NA,32.1645219241668,NA,819,16,229313,6697,-5,0,NA,NA,NA,NA,NA,NA,YUHS
1792797,1793457,440814,2,NA,NA,NA,NA,NA,NA,NA,819,16,230127,6697,0,0,NA,NA,NA,NA,NA,NA,YUHS
1792797,1793457,4131595,2,NA,NA,NA,NA,NA,NA,NA,819,16,229347,6697,-5,0,NA,NA,NA,NA,NA,NA,YUHS
1792797,1793457,1792372,2,68780680769049.1,0.0208882595150011,NA,NA,NA,31.8619440186599,NA,819,16,230020,6697,-5,0,NA,NA,NA,NA,NA,NA,YUHS
1792797,1793457,197036,2,NA,NA,NA,NA,NA,NA,NA,819,16,230127,6697,0,0,NA,NA,NA,NA,NA,NA,YUHS
1792797,1793457,439840,2,NA,NA,NA,NA,NA,NA,NA,819,16,230127,6697,0,0,NA,NA,NA,NA,NA,NA,YUHS
1792797,1793457,318800,2,1.18894805345788,0.537271876030814,3.39104610563334,0.712703908057277,NA,0.173068927484168,0.470005954143057,819,16,165823,5311,249,5,NA,NA,NA,NA,NA,NA,YUHS
1792797,1793457,77965,2,NA,NA,NA,NA,NA,NA,NA,819,16,229981,6697,-5,0,NA,NA,NA,NA,NA,NA,YUHS
1792797,1793457,4079750,2,NA,NA,NA,NA,NA,NA,NA,819,16,228998,6697,-5,0,NA,NA,NA,NA,NA,NA,YUHS
1792797,1793457,134453,2,NA,NA,NA,NA,NA,NA,NA,819,16,230111,6697,-5,0,NA,NA,NA,NA,NA,NA,YUHS
1792797,1793457,1792365,2,53392030410407.3,0.11453888239999,NA,NA,NA,31.608682607506,NA,819,16,230025,6697,11,0,NA,NA,NA,NA,NA,NA,YUHS
1792797,1793457,4171915,2,NA,NA,NA,NA,NA,NA,NA,819,16,230127,6697,0,0,NA,NA,NA,NA,NA,NA,YUHS
1792797,1793457,81336,2,NA,NA,NA,NA,NA,NA,NA,819,16,230127,6697,0,0,NA,NA,NA,NA,NA,NA,YUHS
1792797,1793457,30234,2,NA,NA,NA,NA,NA,NA,NA,819,16,229824,6697,-5,0,NA,NA,NA,NA,NA,NA,YUHS
1792797,1793457,4299544,2,NA,NA,NA,NA,NA,NA,NA,819,16,230127,6697,0,0,NA,NA,NA,NA,NA,NA,YUHS
1792797,1793457,433527,2,NA,NA,NA,NA,NA,NA,NA,819,16,230008,6697,-5,0,NA,NA,NA,NA,NA,NA,YUHS
1792797,1793457,433450,2,NA,NA,NA,NA,NA,NA,NA,819,16,230127,6697,0,0,NA,NA,NA,NA,NA,NA,YUHS
1792797,1793457,376938,2,NA,NA,NA,NA,NA,NA,NA,819,16,230127,6697,0,0,NA,NA,NA,NA,NA,NA,YUHS
1792797,1793457,378424,2,66797336489520.1,0.122039981024457,NA,NA,NA,31.8326843227648,NA,819,16,227281,6697,12,0,NA,NA,NA,NA,NA,NA,YUHS
1792797,1793457,141933,2,NA,NA,NA,NA,NA,NA,NA,819,16,230127,6697,0,0,NA,NA,NA,NA,NA,NA,YUHS
1792797,1793457,4218106,2,NA,NA,NA,NA,NA,NA,NA,819,16,230021,6697,-5,0,NA,NA,NA,NA,NA,NA,YUHS
1792797,1793457,30441,2,NA,NA,NA,NA,NA,NA,NA,819,16,230127,6697,0,0,NA,NA,NA,NA,NA,NA,YUHS
1792797,1793457,380731,2,NA,NA,NA,NA,NA,NA,NA,819,16,230127,6697,0,0,NA,NA,NA,NA,NA,NA,YUHS
1792797,1793457,192606,2,NA,NA,NA,NA,NA,NA,NA,819,16,230127,6697,0,0,NA,NA,NA,NA,NA,NA,YUHS
1792797,1793457,261326,2,NA,NA,NA,NA,NA,NA,NA,819,16,230127,6697,0,0,NA,NA,NA,NA,NA,NA,YUHS
1792797,1793457,4223947,2,NA,NA,NA,NA,NA,NA,NA,819,16,230127,6697,0,0,NA,NA,NA,NA,NA,NA,YUHS
1792797,1793457,135215,2,NA,NA,NA,NA,NA,NA,NA,819,16,230108,6697,-5,0,NA,NA,NA,NA,NA,NA,YUHS
1792797,1793457,74855,2,NA,NA,NA,NA,NA,NA,NA,819,16,230127,6697,0,0,NA,NA,NA,NA,NA,NA,YUHS
1792797,1793457,435613,2,NA,NA,NA,NA,NA,NA,NA,819,16,229705,6697,-5,0,NA,NA,NA,NA,NA,NA,YUHS
1792797,1793457,437082,2,NA,NA,NA,NA,NA,NA,NA,819,16,229705,6697,-5,0,NA,NA,NA,NA,NA,NA,YUHS
1792797,1793457,199861,2,NA,NA,NA,NA,NA,NA,NA,819,16,230127,6697,0,0,NA,NA,NA,NA,NA,NA,YUHS
1792797,1793457,194696,2,NA,NA,NA,NA,NA,NA,NA,819,16,230127,6697,0,0,NA,NA,NA,NA,NA,NA,YUHS
1792797,1793457,4288544,2,174673623340252,0.0300814146419926,NA,NA,NA,32.7939403390722,NA,819,16,229062,6697,-5,0,NA,NA,NA,NA,NA,NA,YUHS
1792797,1793457,376707,2,181898088338226,0.0116596051129819,NA,NA,NA,32.8344676919869,NA,819,16,230102,6697,-5,0,NA,NA,NA,NA,NA,NA,YUHS
1792797,1793457,380094,2,NA,NA,NA,NA,NA,NA,NA,819,16,230127,6697,0,0,NA,NA,NA,NA,NA,NA,YUHS
1792797,1793457,381581,2,NA,NA,NA,NA,NA,NA,NA,819,16,230127,6697,0,0,NA,NA,NA,NA,NA,NA,YUHS
1792797,1793457,1792373,2,0.0531621236283094,0.00503577016188589,1.1520998016661,0.0342366149871179,NA,-2.93440909807364,1.38593745538907,819,16,230093,4377,-5,-5,NA,NA,NA,NA,NA,NA,YUHS
1792797,1793457,141323,2,NA,NA,NA,NA,NA,NA,NA,819,16,230127,6697,0,0,NA,NA,NA,NA,NA,NA,YUHS
1792797,1793457,438407,2,NA,NA,NA,NA,NA,NA,NA,819,16,230127,6697,0,0,NA,NA,NA,NA,NA,NA,YUHS
1792797,1793457,198803,2,1.15826560370865,0.255131515930478,20.4718430380131,0.895506169907542,NA,0.14692371702068,1.11864977731518,819,16,214680,6333,57,-5,NA,NA,NA,NA,NA,NA,YUHS
1792797,1793457,432590,2,NA,NA,NA,NA,NA,NA,NA,819,16,230127,6697,0,0,NA,NA,NA,NA,NA,NA,YUHS
1792797,1793457,436675,2,NA,NA,NA,NA,NA,NA,NA,819,16,230127,6697,0,0,NA,NA,NA,NA,NA,NA,YUHS
1792797,1793457,316457,2,NA,NA,NA,NA,NA,NA,NA,819,16,230127,6697,0,0,NA,NA,NA,NA,NA,NA,YUHS
1792797,1793457,436676,2,NA,NA,NA,NA,NA,NA,NA,819,16,229889,6697,-5,0,NA,NA,NA,NA,NA,NA,YUHS
1792797,1793457,440129,2,NA,NA,NA,NA,NA,NA,NA,819,16,229791,6697,-5,0,NA,NA,NA,NA,NA,NA,YUHS
1792797,1793457,380839,2,NA,NA,NA,NA,NA,NA,NA,819,16,230127,6697,0,0,NA,NA,NA,NA,NA,NA,YUHS
1792797,1793457,377910,2,NA,NA,NA,NA,NA,NA,NA,819,16,228279,6697,-5,0,NA,NA,NA,NA,NA,NA,YUHS
1792797,1793457,374655,2,NA,NA,NA,NA,NA,NA,NA,819,16,230127,6697,0,0,NA,NA,NA,NA,NA,NA,YUHS
1792797,1793457,1792374,2,328661905534439,0.231832201803988,NA,NA,NA,33.4260506955546,NA,819,16,227945,6697,15,0,NA,NA,NA,NA,NA,NA,YUHS
1792797,1793457,4304008,2,NA,NA,NA,NA,NA,NA,NA,819,16,230127,6697,0,0,NA,NA,NA,NA,NA,NA,YUHS
1792797,1793457,40443308,2,NA,NA,NA,NA,NA,NA,NA,819,16,230127,6697,0,0,NA,NA,NA,NA,NA,NA,YUHS
1792797,1793457,1792364,2,61712738928031.3,0.129893927531359,NA,NA,NA,31.7535114911371,NA,819,16,229807,6697,14,0,NA,NA,NA,NA,NA,NA,YUHS
1792797,1793457,81878,2,NA,NA,NA,NA,NA,NA,NA,819,16,229710,6697,-5,0,NA,NA,NA,NA,NA,NA,YUHS
1792797,1793457,374366,2,NA,NA,NA,NA,NA,NA,NA,819,16,227573,6697,-5,0,NA,NA,NA,NA,NA,NA,YUHS
1792797,1793457,4280571,2,107328408353946,0.0431594404825237,NA,NA,NA,32.306914486851,NA,819,16,229092,6697,5,0,NA,NA,NA,NA,NA,NA,YUHS
1792797,1793457,1792366,2,0.380673677109538,0.140581148114588,1.5621400194425,0.11590260776723,NA,-0.96581276137916106,0.614303910124479,819,16,221398,4251,57,-5,NA,NA,NA,NA,NA,NA,YUHS
1792797,1793457,72418,2,NA,NA,NA,NA,NA,NA,NA,819,16,230127,6697,0,0,NA,NA,NA,NA,NA,NA,YUHS
1792797,1793457,4092565,2,NA,NA,NA,NA,NA,NA,NA,819,16,230127,6697,0,0,NA,NA,NA,NA,NA,NA,YUHS
1792797,1793457,4339088,2,NA,NA,NA,NA,NA,NA,NA,819,16,230127,6697,0,0,NA,NA,NA,NA,NA,NA,YUHS
1792797,1793457,4142905,2,NA,NA,NA,NA,NA,NA,NA,819,16,229474,6697,-5,0,NA,NA,NA,NA,NA,NA,YUHS
1792797,1793457,4028970,2,NA,NA,NA,NA,NA,NA,NA,819,16,230127,6697,0,0,NA,NA,NA,NA,NA,NA,YUHS
1792797,1793457,4047787,2,NA,NA,NA,NA,NA,NA,NA,819,16,230127,6697,0,0,NA,NA,NA,NA,NA,NA,YUHS
1792797,1793457,4172458,2,NA,NA,NA,NA,NA,NA,NA,819,16,230127,6697,0,0,NA,NA,NA,NA,NA,NA,YUHS
1792797,1793457,434626,2,NA,NA,NA,NA,NA,NA,NA,819,16,230127,6697,0,0,NA,NA,NA,NA,NA,NA,YUHS
1792797,1793457,4049417,2,NA,NA,NA,NA,NA,NA,NA,819,16,230127,6697,0,0,NA,NA,NA,NA,NA,NA,YUHS
1792797,1793457,134619,2,NA,NA,NA,NA,NA,NA,NA,819,16,230127,6697,0,0,NA,NA,NA,NA,NA,NA,YUHS
1792797,1793457,195212,2,NA,NA,NA,NA,NA,NA,NA,819,16,230127,6697,0,0,NA,NA,NA,NA,NA,NA,YUHS
1792797,1793457,377535,2,NA,NA,NA,NA,NA,NA,NA,819,16,230127,6697,0,0,NA,NA,NA,NA,NA,NA,YUHS
1792797,1793457,73300,2,NA,NA,NA,NA,NA,NA,NA,819,16,230127,6697,0,0,NA,NA,NA,NA,NA,NA,YUHS
1792797,1793457,4153877,2,NA,NA,NA,NA,NA,NA,NA,819,16,230127,6697,0,0,NA,NA,NA,NA,NA,NA,YUHS
1792797,1793457,80509,2,NA,NA,NA,NA,NA,NA,NA,819,16,230127,6697,0,0,NA,NA,NA,NA,NA,NA,YUHS
1792797,1793457,435093,2,632234853884228,0.0270335241286849,NA,NA,NA,34.0802820452948,NA,819,16,229954,6697,-5,0,NA,NA,NA,NA,NA,NA,YUHS
1792797,1793457,42873169,2,NA,NA,NA,NA,NA,NA,NA,819,16,230127,6697,0,0,NA,NA,NA,NA,NA,NA,YUHS
1792797,1793457,4207307,2,NA,NA,NA,NA,NA,NA,NA,819,16,229359,6697,-5,0,NA,NA,NA,NA,NA,NA,YUHS
1792797,1793457,4114197,2,74586047118427.8,0.0325511530132877,NA,NA,NA,31.9429745696989,NA,819,16,229181,6697,-5,0,NA,NA,NA,NA,NA,NA,YUHS
1792797,1793457,444367,2,NA,NA,NA,NA,NA,NA,NA,819,16,230127,6697,0,0,NA,NA,NA,NA,NA,NA,YUHS
1792797,1793457,198075,2,NA,NA,NA,NA,NA,NA,NA,819,16,230127,6697,0,0,NA,NA,NA,NA,NA,NA,YUHS
1792797,1793457,4135082,2,NA,NA,NA,NA,NA,NA,NA,819,16,230127,6697,0,0,NA,NA,NA,NA,NA,NA,YUHS
1792797,1793457,4239381,2,NA,NA,NA,NA,NA,NA,NA,819,16,230127,6697,0,0,NA,NA,NA,NA,NA,NA,YUHS
1792797,1793457,261880,2,114064145501677,0.0228879070218864,NA,NA,NA,32.3677820859174,NA,819,16,229559,6697,-5,0,NA,NA,NA,NA,NA,NA,YUHS
1792797,1793457,199074,2,NA,NA,NA,NA,NA,NA,NA,819,16,229968,6697,-5,0,NA,NA,NA,NA,NA,NA,YUHS
1792797,1793457,4068482,2,143148061670247,0.113710390455537,NA,NA,NA,32.5949006068309,NA,819,16,228209,6697,11,0,NA,NA,NA,NA,NA,NA,YUHS
1792797,1793457,440424,2,NA,NA,NA,NA,NA,NA,NA,819,16,230127,6697,0,0,NA,NA,NA,NA,NA,NA,YUHS
1792797,1793457,4150372,2,NA,NA,NA,NA,NA,NA,NA,819,16,229775,6697,-5,0,NA,NA,NA,NA,NA,NA,YUHS
1792797,1793457,1792370,2,0.264323320574909,0.0794419242844285,1.63696130665786,0.0847255895838114,NA,-1.3305822260207,0.771843442445152,819,16,223829,6571,28,-5,NA,NA,NA,NA,NA,NA,YUHS
1792797,1793457,198202,2,NA,NA,NA,NA,NA,NA,NA,819,16,230127,6697,0,0,NA,NA,NA,NA,NA,NA,YUHS
1792797,1793457,75576,2,NA,NA,NA,NA,NA,NA,NA,819,16,228614,6697,5,0,NA,NA,NA,NA,NA,NA,YUHS
1792797,1793457,4215978,2,103377211751995,0.0397937956161968,NA,NA,NA,32.2694056644679,NA,819,16,226915,6697,5,0,NA,NA,NA,NA,NA,NA,YUHS
1792797,1793457,140168,2,NA,NA,NA,NA,NA,NA,NA,819,16,229218,6697,-5,0,NA,NA,NA,NA,NA,NA,YUHS
1792797,1793457,253796,2,NA,NA,NA,NA,NA,NA,NA,819,16,230076,6697,-5,0,NA,NA,NA,NA,NA,NA,YUHS
1792797,1793457,134619,3,NA,NA,NA,NA,NA,NA,NA,0,0,0,0,0,0,NA,NA,NA,NA,NA,NA,YUHS
1792797,1793457,377535,3,NA,NA,NA,NA,NA,NA,NA,0,0,0,0,0,0,NA,NA,NA,NA,NA,NA,YUHS
1792797,1793457,1792374,3,NA,NA,NA,NA,NA,NA,NA,0,0,0,0,0,0,NA,NA,NA,NA,NA,NA,YUHS
1792797,1793457,380839,3,NA,NA,NA,NA,NA,NA,NA,0,0,0,0,0,0,NA,NA,NA,NA,NA,NA,YUHS
1792797,1793457,72418,3,NA,NA,NA,NA,NA,NA,NA,0,0,0,0,0,0,NA,NA,NA,NA,NA,NA,YUHS
1792797,1793457,1792365,3,NA,NA,NA,NA,NA,NA,NA,0,0,0,0,0,0,NA,NA,NA,NA,NA,NA,YUHS
1792797,1793457,194997,3,NA,NA,NA,NA,NA,NA,NA,0,0,0,0,0,0,NA,NA,NA,NA,NA,NA,YUHS
1792797,1793457,30234,3,NA,NA,NA,NA,NA,NA,NA,0,0,0,0,0,0,NA,NA,NA,NA,NA,NA,YUHS
1792797,1793457,74189,3,NA,NA,NA,NA,NA,NA,NA,0,0,0,0,0,0,NA,NA,NA,NA,NA,NA,YUHS
1792797,1793457,199861,3,NA,NA,NA,NA,NA,NA,NA,0,0,0,0,0,0,NA,NA,NA,NA,NA,NA,YUHS
1792797,1793457,198202,3,NA,NA,NA,NA,NA,NA,NA,0,0,0,0,0,0,NA,NA,NA,NA,NA,NA,YUHS
1792797,1793457,440129,3,NA,NA,NA,NA,NA,NA,NA,0,0,0,0,0,0,NA,NA,NA,NA,NA,NA,YUHS
1792797,1793457,139902,3,NA,NA,NA,NA,NA,NA,NA,0,0,0,0,0,0,NA,NA,NA,NA,NA,NA,YUHS
1792797,1793457,135215,3,NA,NA,NA,NA,NA,NA,NA,0,0,0,0,0,0,NA,NA,NA,NA,NA,NA,YUHS
1792797,1793457,77965,3,NA,NA,NA,NA,NA,NA,NA,0,0,0,0,0,0,NA,NA,NA,NA,NA,NA,YUHS
1792797,1793457,75576,3,NA,NA,NA,NA,NA,NA,NA,0,0,0,0,0,0,NA,NA,NA,NA,NA,NA,YUHS
1792797,1793457,4172458,3,NA,NA,NA,NA,NA,NA,NA,0,0,0,0,0,0,NA,NA,NA,NA,NA,NA,YUHS
1792797,1793457,81336,3,NA,NA,NA,NA,NA,NA,NA,0,0,0,0,0,0,NA,NA,NA,NA,NA,NA,YUHS
1792797,1793457,72576,3,NA,NA,NA,NA,NA,NA,NA,0,0,0,0,0,0,NA,NA,NA,NA,NA,NA,YUHS
1792797,1793457,380395,3,NA,NA,NA,NA,NA,NA,NA,0,0,0,0,0,0,NA,NA,NA,NA,NA,NA,YUHS
1792797,1793457,376707,3,NA,NA,NA,NA,NA,NA,NA,0,0,0,0,0,0,NA,NA,NA,NA,NA,NA,YUHS
1792797,1793457,4047787,3,NA,NA,NA,NA,NA,NA,NA,0,0,0,0,0,0,NA,NA,NA,NA,NA,NA,YUHS
1792797,1793457,376938,3,NA,NA,NA,NA,NA,NA,NA,0,0,0,0,0,0,NA,NA,NA,NA,NA,NA,YUHS
1792797,1793457,261880,3,NA,NA,NA,NA,NA,NA,NA,0,0,0,0,0,0,NA,NA,NA,NA,NA,NA,YUHS
1792797,1793457,440814,3,NA,NA,NA,NA,NA,NA,NA,0,0,0,0,0,0,NA,NA,NA,NA,NA,NA,YUHS
1792797,1793457,374366,3,NA,NA,NA,NA,NA,NA,NA,0,0,0,0,0,0,NA,NA,NA,NA,NA,NA,YUHS
1792797,1793457,201792,3,NA,NA,NA,NA,NA,NA,NA,0,0,0,0,0,0,NA,NA,NA,NA,NA,NA,YUHS
1792797,1793457,4049417,3,NA,NA,NA,NA,NA,NA,NA,0,0,0,0,0,0,NA,NA,NA,NA,NA,NA,YUHS
1792797,1793457,4215978,3,NA,NA,NA,NA,NA,NA,NA,0,0,0,0,0,0,NA,NA,NA,NA,NA,NA,YUHS
1792797,1793457,433527,3,NA,NA,NA,NA,NA,NA,NA,0,0,0,0,0,0,NA,NA,NA,NA,NA,NA,YUHS
1792797,1793457,436675,3,NA,NA,NA,NA,NA,NA,NA,0,0,0,0,0,0,NA,NA,NA,NA,NA,NA,YUHS
1792797,1793457,261326,3,NA,NA,NA,NA,NA,NA,NA,0,0,0,0,0,0,NA,NA,NA,NA,NA,NA,YUHS
1792797,1793457,433440,3,NA,NA,NA,NA,NA,NA,NA,0,0,0,0,0,0,NA,NA,NA,NA,NA,NA,YUHS
1792797,1793457,1792369,3,NA,NA,NA,NA,NA,NA,NA,0,0,0,0,0,0,NA,NA,NA,NA,NA,NA,YUHS
1792797,1793457,433450,3,NA,NA,NA,NA,NA,NA,NA,0,0,0,0,0,0,NA,NA,NA,NA,NA,NA,YUHS
1792797,1793457,4164337,3,NA,NA,NA,NA,NA,NA,NA,0,0,0,0,0,0,NA,NA,NA,NA,NA,NA,YUHS
1792797,1793457,374655,3,NA,NA,NA,NA,NA,NA,NA,0,0,0,0,0,0,NA,NA,NA,NA,NA,NA,YUHS
1792797,1793457,140168,3,NA,NA,NA,NA,NA,NA,NA,0,0,0,0,0,0,NA,NA,NA,NA,NA,NA,YUHS
1792797,1793457,373478,3,NA,NA,NA,NA,NA,NA,NA,0,0,0,0,0,0,NA,NA,NA,NA,NA,NA,YUHS
1792797,1793457,444367,3,NA,NA,NA,NA,NA,NA,NA,0,0,0,0,0,0,NA,NA,NA,NA,NA,NA,YUHS
1792797,1793457,4223947,3,NA,NA,NA,NA,NA,NA,NA,0,0,0,0,0,0,NA,NA,NA,NA,NA,NA,YUHS
1792797,1793457,4171915,3,NA,NA,NA,NA,NA,NA,NA,0,0,0,0,0,0,NA,NA,NA,NA,NA,NA,YUHS
1792797,1793457,381444,3,NA,NA,NA,NA,NA,NA,NA,0,0,0,0,0,0,NA,NA,NA,NA,NA,NA,YUHS
1792797,1793457,74855,3,NA,NA,NA,NA,NA,NA,NA,0,0,0,0,0,0,NA,NA,NA,NA,NA,NA,YUHS
1792797,1793457,141933,3,NA,NA,NA,NA,NA,NA,NA,0,0,0,0,0,0,NA,NA,NA,NA,NA,NA,YUHS
1792797,1793457,376132,3,NA,NA,NA,NA,NA,NA,NA,0,0,0,0,0,0,NA,NA,NA,NA,NA,NA,YUHS
1792797,1793457,4079750,3,NA,NA,NA,NA,NA,NA,NA,0,0,0,0,0,0,NA,NA,NA,NA,NA,NA,YUHS
1792797,1793457,4001458,3,NA,NA,NA,NA,NA,NA,NA,0,0,0,0,0,0,NA,NA,NA,NA,NA,NA,YUHS
1792797,1793457,133228,3,NA,NA,NA,NA,NA,NA,NA,0,0,0,0,0,0,NA,NA,NA,NA,NA,NA,YUHS
1792797,1793457,440424,3,NA,NA,NA,NA,NA,NA,NA,0,0,0,0,0,0,NA,NA,NA,NA,NA,NA,YUHS
1792797,1793457,4068482,3,NA,NA,NA,NA,NA,NA,NA,0,0,0,0,0,0,NA,NA,NA,NA,NA,NA,YUHS
1792797,1793457,81878,3,NA,NA,NA,NA,NA,NA,NA,0,0,0,0,0,0,NA,NA,NA,NA,NA,NA,YUHS
1792797,1793457,141323,3,NA,NA,NA,NA,NA,NA,NA,0,0,0,0,0,0,NA,NA,NA,NA,NA,NA,YUHS
1792797,1793457,318800,3,NA,NA,NA,NA,NA,NA,NA,0,0,0,0,0,0,NA,NA,NA,NA,NA,NA,YUHS
1792797,1793457,4092565,3,NA,NA,NA,NA,NA,NA,NA,0,0,0,0,0,0,NA,NA,NA,NA,NA,NA,YUHS
1792797,1793457,380094,3,NA,NA,NA,NA,NA,NA,NA,0,0,0,0,0,0,NA,NA,NA,NA,NA,NA,YUHS
1792797,1793457,381581,3,NA,NA,NA,NA,NA,NA,NA,0,0,0,0,0,0,NA,NA,NA,NA,NA,NA,YUHS
1792797,1793457,134453,3,NA,NA,NA,NA,NA,NA,NA,0,0,0,0,0,0,NA,NA,NA,NA,NA,NA,YUHS
1792797,1793457,192606,3,NA,NA,NA,NA,NA,NA,NA,0,0,0,0,0,0,NA,NA,NA,NA,NA,NA,YUHS
1792797,1793457,432590,3,NA,NA,NA,NA,NA,NA,NA,0,0,0,0,0,0,NA,NA,NA,NA,NA,NA,YUHS
1792797,1793457,253796,3,NA,NA,NA,NA,NA,NA,NA,0,0,0,0,0,0,NA,NA,NA,NA,NA,NA,YUHS
1792797,1793457,4108467,3,NA,NA,NA,NA,NA,NA,NA,0,0,0,0,0,0,NA,NA,NA,NA,NA,NA,YUHS
1792797,1793457,4207307,3,NA,NA,NA,NA,NA,NA,NA,0,0,0,0,0,0,NA,NA,NA,NA,NA,NA,YUHS
1792797,1793457,197036,3,NA,NA,NA,NA,NA,NA,NA,0,0,0,0,0,0,NA,NA,NA,NA,NA,NA,YUHS
1792797,1793457,194696,3,NA,NA,NA,NA,NA,NA,NA,0,0,0,0,0,0,NA,NA,NA,NA,NA,NA,YUHS
1792797,1793457,4288544,3,NA,NA,NA,NA,NA,NA,NA,0,0,0,0,0,0,NA,NA,NA,NA,NA,NA,YUHS
1792797,1793457,4114197,3,NA,NA,NA,NA,NA,NA,NA,0,0,0,0,0,0,NA,NA,NA,NA,NA,NA,YUHS
1792797,1793457,80509,3,NA,NA,NA,NA,NA,NA,NA,0,0,0,0,0,0,NA,NA,NA,NA,NA,NA,YUHS
1792797,1793457,435613,3,NA,NA,NA,NA,NA,NA,NA,0,0,0,0,0,0,NA,NA,NA,NA,NA,NA,YUHS
1792797,1793457,1792368,3,NA,NA,NA,NA,NA,NA,NA,0,0,0,0,0,0,NA,NA,NA,NA,NA,NA,YUHS
1792797,1793457,140362,3,NA,NA,NA,NA,NA,NA,NA,0,0,0,0,0,0,NA,NA,NA,NA,NA,NA,YUHS
1792797,1793457,4218106,3,NA,NA,NA,NA,NA,NA,NA,0,0,0,0,0,0,NA,NA,NA,NA,NA,NA,YUHS
1792797,1793457,198803,3,NA,NA,NA,NA,NA,NA,NA,0,0,0,0,0,0,NA,NA,NA,NA,NA,NA,YUHS
1792797,1793457,439840,3,NA,NA,NA,NA,NA,NA,NA,0,0,0,0,0,0,NA,NA,NA,NA,NA,NA,YUHS
1792797,1793457,4299544,3,NA,NA,NA,NA,NA,NA,NA,0,0,0,0,0,0,NA,NA,NA,NA,NA,NA,YUHS
1792797,1793457,1792364,3,NA,NA,NA,NA,NA,NA,NA,0,0,0,0,0,0,NA,NA,NA,NA,NA,NA,YUHS
1792797,1793457,436100,3,NA,NA,NA,NA,NA,NA,NA,0,0,0,0,0,0,NA,NA,NA,NA,NA,NA,YUHS
1792797,1793457,4131595,3,NA,NA,NA,NA,NA,NA,NA,0,0,0,0,0,0,NA,NA,NA,NA,NA,NA,YUHS
1792797,1793457,377910,3,NA,NA,NA,NA,NA,NA,NA,0,0,0,0,0,0,NA,NA,NA,NA,NA,NA,YUHS
1792797,1793457,195212,3,NA,NA,NA,NA,NA,NA,NA,0,0,0,0,0,0,NA,NA,NA,NA,NA,NA,YUHS
1792797,1793457,30441,3,NA,NA,NA,NA,NA,NA,NA,0,0,0,0,0,0,NA,NA,NA,NA,NA,NA,YUHS
1792797,1793457,199074,3,NA,NA,NA,NA,NA,NA,NA,0,0,0,0,0,0,NA,NA,NA,NA,NA,NA,YUHS
1792797,1793457,4135082,3,NA,NA,NA,NA,NA,NA,NA,0,0,0,0,0,0,NA,NA,NA,NA,NA,NA,YUHS
1792797,1793457,378424,3,NA,NA,NA,NA,NA,NA,NA,0,0,0,0,0,0,NA,NA,NA,NA,NA,NA,YUHS
1792797,1793457,4304008,3,NA,NA,NA,NA,NA,NA,NA,0,0,0,0,0,0,NA,NA,NA,NA,NA,NA,YUHS
1792797,1793457,1792370,3,NA,NA,NA,NA,NA,NA,NA,0,0,0,0,0,0,NA,NA,NA,NA,NA,NA,YUHS
1792797,1793457,316457,3,NA,NA,NA,NA,NA,NA,NA,0,0,0,0,0,0,NA,NA,NA,NA,NA,NA,YUHS
1792797,1793457,4239381,3,NA,NA,NA,NA,NA,NA,NA,0,0,0,0,0,0,NA,NA,NA,NA,NA,NA,YUHS
1792797,1793457,138463,3,NA,NA,NA,NA,NA,NA,NA,0,0,0,0,0,0,NA,NA,NA,NA,NA,NA,YUHS
1792797,1793457,1792371,3,NA,NA,NA,NA,NA,NA,NA,0,0,0,0,0,0,NA,NA,NA,NA,NA,NA,YUHS
1792797,1793457,436676,3,NA,NA,NA,NA,NA,NA,NA,0,0,0,0,0,0,NA,NA,NA,NA,NA,NA,YUHS
1792797,1793457,434626,3,NA,NA,NA,NA,NA,NA,NA,0,0,0,0,0,0,NA,NA,NA,NA,NA,NA,YUHS
1792797,1793457,1792366,3,NA,NA,NA,NA,NA,NA,NA,0,0,0,0,0,0,NA,NA,NA,NA,NA,NA,YUHS
1792797,1793457,4339088,3,NA,NA,NA,NA,NA,NA,NA,0,0,0,0,0,0,NA,NA,NA,NA,NA,NA,YUHS
1792797,1793457,4142905,3,NA,NA,NA,NA,NA,NA,NA,0,0,0,0,0,0,NA,NA,NA,NA,NA,NA,YUHS
1792797,1793457,4028970,3,NA,NA,NA,NA,NA,NA,NA,0,0,0,0,0,0,NA,NA,NA,NA,NA,NA,YUHS
1792797,1793457,40443308,3,NA,NA,NA,NA,NA,NA,NA,0,0,0,0,0,0,NA,NA,NA,NA,NA,NA,YUHS
1792797,1793457,1792372,3,NA,NA,NA,NA,NA,NA,NA,0,0,0,0,0,0,NA,NA,NA,NA,NA,NA,YUHS
1792797,1793457,198075,3,NA,NA,NA,NA,NA,NA,NA,0,0,0,0,0,0,NA,NA,NA,NA,NA,NA,YUHS
1792797,1793457,4280571,3,NA,NA,NA,NA,NA,NA,NA,0,0,0,0,0,0,NA,NA,NA,NA,NA,NA,YUHS
1792797,1793457,437082,3,NA,NA,NA,NA,NA,NA,NA,0,0,0,0,0,0,NA,NA,NA,NA,NA,NA,YUHS
1792797,1793457,4150372,3,NA,NA,NA,NA,NA,NA,NA,0,0,0,0,0,0,NA,NA,NA,NA,NA,NA,YUHS
1792797,1793457,435093,3,NA,NA,NA,NA,NA,NA,NA,0,0,0,0,0,0,NA,NA,NA,NA,NA,NA,YUHS
1792797,1793457,1792367,3,NA,NA,NA,NA,NA,NA,NA,0,0,0,0,0,0,NA,NA,NA,NA,NA,NA,YUHS
1792797,1793457,1792373,3,NA,NA,NA,NA,NA,NA,NA,0,0,0,0,0,0,NA,NA,NA,NA,NA,NA,YUHS
1792797,1793457,42873169,3,NA,NA,NA,NA,NA,NA,NA,0,0,0,0,0,0,NA,NA,NA,NA,NA,NA,YUHS
1792797,1793457,438407,3,NA,NA,NA,NA,NA,NA,NA,0,0,0,0,0,0,NA,NA,NA,NA,NA,NA,YUHS
1792797,1793457,380731,3,NA,NA,NA,NA,NA,NA,NA,0,0,0,0,0,0,NA,NA,NA,NA,NA,NA,YUHS
1792797,1793457,73300,3,NA,NA,NA,NA,NA,NA,NA,0,0,0,0,0,0,NA,NA,NA,NA,NA,NA,YUHS
1792797,1793457,4153877,3,NA,NA,NA,NA,NA,NA,NA,0,0,0,0,0,0,NA,NA,NA,NA,NA,NA,YUHS
1792797,1793457,134765,3,NA,NA,NA,NA,NA,NA,NA,0,0,0,0,0,0,NA,NA,NA,NA,NA,NA,YUHS
1792797,1793457,432590,4,NA,NA,NA,NA,NA,NA,NA,911,17,26751,510,0,0,NA,NA,NA,NA,NA,NA,YUHS
1792797,1793457,198202,4,NA,NA,NA,NA,NA,NA,NA,911,17,26751,510,0,0,NA,NA,NA,NA,NA,NA,YUHS
1792797,1793457,75576,4,NA,NA,NA,NA,NA,NA,NA,911,17,26667,510,5,0,NA,NA,NA,NA,NA,NA,YUHS
1792797,1793457,141323,4,NA,NA,NA,NA,NA,NA,NA,911,17,26751,510,0,0,NA,NA,NA,NA,NA,NA,YUHS
1792797,1793457,433450,4,NA,NA,NA,NA,NA,NA,NA,911,17,26751,510,0,0,NA,NA,NA,NA,NA,NA,YUHS
1792797,1793457,433440,4,NA,NA,NA,NA,NA,NA,NA,911,17,26751,510,0,0,NA,NA,NA,NA,NA,NA,YUHS
1792797,1793457,376938,4,NA,NA,NA,NA,NA,NA,NA,911,17,26751,510,0,0,NA,NA,NA,NA,NA,NA,YUHS
1792797,1793457,1792370,4,0.0991181813907652,0.0118944156974338,0.825962766626654,0.0326213902313605,NA,-2.31144238938036,1.08177515208879,911,17,26340,456,23,-5,NA,NA,NA,NA,NA,NA,YUHS
1792797,1793457,198803,4,0.926903969263828,0.174130411744182,17.0879928370092,0.948272587796752,NA,-0.0759053118095644,1.17000282849224,911,17,25981,496,46,-5,NA,NA,NA,NA,NA,NA,YUHS
1792797,1793457,4068482,4,NA,NA,NA,NA,NA,NA,NA,911,17,26737,510,-5,0,NA,NA,NA,NA,NA,NA,YUHS
1792797,1793457,134765,4,NA,NA,NA,NA,NA,NA,NA,911,17,26751,510,0,0,NA,NA,NA,NA,NA,NA,YUHS
1792797,1793457,199861,4,NA,NA,NA,NA,NA,NA,NA,911,17,26751,510,0,0,NA,NA,NA,NA,NA,NA,YUHS
1792797,1793457,1792366,4,0.335833080235017,0.0811333602309363,2.25406862561428,0.198231239561409,NA,-1.09114102747232,0.848076276680717,911,17,25864,456,57,-5,NA,NA,NA,NA,NA,NA,YUHS
1792797,1793457,194696,4,NA,NA,NA,NA,NA,NA,NA,911,17,26744,510,-5,0,NA,NA,NA,NA,NA,NA,YUHS
1792797,1793457,133228,4,221994074639054,NA,NA,NA,NA,33.0336718066295,NA,911,17,26699,510,-5,0,NA,NA,NA,NA,NA,NA,YUHS
1792797,1793457,433527,4,NA,NA,NA,NA,NA,NA,NA,911,17,26726,510,-5,0,NA,NA,NA,NA,NA,NA,YUHS
1792797,1793457,4239381,4,NA,NA,NA,NA,NA,NA,NA,911,17,26751,510,0,0,NA,NA,NA,NA,NA,NA,YUHS
1792797,1793457,435613,4,NA,NA,NA,NA,NA,NA,NA,911,17,26751,510,0,0,NA,NA,NA,NA,NA,NA,YUHS
1792797,1793457,4288544,4,754679036160218,NA,NA,NA,NA,34.2573136571209,NA,911,17,26706,510,-5,0,NA,NA,NA,NA,NA,NA,YUHS
1792797,1793457,444367,4,NA,NA,NA,NA,NA,NA,NA,911,17,26751,510,0,0,NA,NA,NA,NA,NA,NA,YUHS
1792797,1793457,192606,4,NA,NA,NA,NA,NA,NA,NA,911,17,26751,510,0,0,NA,NA,NA,NA,NA,NA,YUHS
1792797,1793457,4001458,4,NA,NA,NA,NA,NA,NA,NA,911,17,26710,510,-5,0,NA,NA,NA,NA,NA,NA,YUHS
1792797,1793457,380395,4,NA,NA,NA,NA,NA,NA,NA,911,17,26751,510,0,0,NA,NA,NA,NA,NA,NA,YUHS
1792797,1793457,197036,4,NA,NA,NA,NA,NA,NA,NA,911,17,26751,510,0,0,NA,NA,NA,NA,NA,NA,YUHS
1792797,1793457,4280571,4,NA,NA,NA,NA,NA,NA,NA,911,17,26737,510,-5,0,NA,NA,NA,NA,NA,NA,YUHS
1792797,1793457,4047787,4,NA,NA,NA,NA,NA,NA,NA,911,17,26751,510,0,0,NA,NA,NA,NA,NA,NA,YUHS
1792797,1793457,81336,4,NA,NA,NA,NA,NA,NA,NA,911,17,26751,510,0,0,NA,NA,NA,NA,NA,NA,YUHS
1792797,1793457,436100,4,NA,NA,NA,NA,NA,NA,NA,911,17,26751,510,0,0,NA,NA,NA,NA,NA,NA,YUHS
1792797,1793457,74855,4,NA,NA,NA,NA,NA,NA,NA,911,17,26751,510,0,0,NA,NA,NA,NA,NA,NA,YUHS
1792797,1793457,4215978,4,NA,NA,NA,NA,NA,NA,NA,911,17,26715,510,-5,0,NA,NA,NA,NA,NA,NA,YUHS
1792797,1793457,374655,4,NA,NA,NA,NA,NA,NA,NA,911,17,26751,510,0,0,NA,NA,NA,NA,NA,NA,YUHS
1792797,1793457,30441,4,NA,NA,NA,NA,NA,NA,NA,911,17,26751,510,0,0,NA,NA,NA,NA,NA,NA,YUHS
1792797,1793457,1792373,4,NA,NA,NA,NA,NA,NA,NA,911,17,26737,510,-5,0,NA,NA,NA,NA,NA,NA,YUHS
1792797,1793457,81878,4,NA,NA,NA,NA,NA,NA,NA,911,17,26751,510,0,0,NA,NA,NA,NA,NA,NA,YUHS
1792797,1793457,374366,4,NA,NA,NA,NA,NA,NA,NA,911,17,26749,510,-5,0,NA,NA,NA,NA,NA,NA,YUHS
1792797,1793457,140362,4,NA,NA,NA,NA,NA,NA,NA,911,17,26751,510,0,0,NA,NA,NA,NA,NA,NA,YUHS
1792797,1793457,141933,4,NA,NA,NA,NA,NA,NA,NA,911,17,26751,510,0,0,NA,NA,NA,NA,NA,NA,YUHS
1792797,1793457,1792369,4,0.0991181813907652,0.011894415697434201,0.825962766626629,0.0326213902313579,NA,-2.31144238938036,1.08177515208878,911,17,26326,456,24,-5,NA,NA,NA,NA,NA,NA,YUHS
1792797,1793457,72418,4,NA,NA,NA,NA,NA,NA,NA,911,17,26751,510,0,0,NA,NA,NA,NA,NA,NA,YUHS
1792797,1793457,138463,4,NA,NA,NA,NA,NA,NA,NA,911,17,26751,510,0,0,NA,NA,NA,NA,NA,NA,YUHS
1792797,1793457,4164337,4,NA,NA,NA,NA,NA,NA,NA,911,17,26709,510,-5,0,NA,NA,NA,NA,NA,NA,YUHS
1792797,1793457,194997,4,NA,NA,NA,NA,NA,NA,NA,911,17,26751,510,-5,0,NA,NA,NA,NA,NA,NA,YUHS
1792797,1793457,377910,4,NA,NA,NA,NA,NA,NA,NA,911,17,26744,510,-5,0,NA,NA,NA,NA,NA,NA,YUHS
1792797,1793457,139902,4,NA,NA,NA,NA,NA,NA,NA,911,17,26750,510,-5,0,NA,NA,NA,NA,NA,NA,YUHS
1792797,1793457,434626,4,NA,NA,NA,NA,NA,NA,NA,911,17,26751,510,0,0,NA,NA,NA,NA,NA,NA,YUHS
1792797,1793457,261880,4,312801744033422,NA,NA,NA,NA,33.3765907001386,NA,911,17,26728,510,-5,0,NA,NA,NA,NA,NA,NA,YUHS
1792797,1793457,376707,4,NA,NA,NA,NA,NA,NA,NA,911,17,26751,510,0,0,NA,NA,NA,NA,NA,NA,YUHS
1792797,1793457,1792365,4,237237911457818,NA,NA,NA,NA,33.100084599361,NA,911,17,26420,510,27,0,NA,NA,NA,NA,NA,NA,YUHS
1792797,1793457,4079750,4,206739817779573,NA,NA,NA,NA,32.9624821996695,NA,911,17,26718,510,-5,0,NA,NA,NA,NA,NA,NA,YUHS
1792797,1793457,440814,4,NA,NA,NA,NA,NA,NA,NA,911,17,26751,510,0,0,NA,NA,NA,NA,NA,NA,YUHS
1792797,1793457,316457,4,NA,NA,NA,NA,NA,NA,NA,911,17,26751,510,0,0,NA,NA,NA,NA,NA,NA,YUHS
1792797,1793457,4207307,4,NA,NA,NA,NA,NA,NA,NA,911,17,26751,510,0,0,NA,NA,NA,NA,NA,NA,YUHS
1792797,1793457,1792372,4,NA,NA,NA,NA,NA,NA,NA,911,17,26713,510,-5,0,NA,NA,NA,NA,NA,NA,YUHS
1792797,1793457,73300,4,NA,NA,NA,NA,NA,NA,NA,911,17,26751,510,0,0,NA,NA,NA,NA,NA,NA,YUHS
1792797,1793457,380839,4,NA,NA,NA,NA,NA,NA,NA,911,17,26751,510,0,0,NA,NA,NA,NA,NA,NA,YUHS
1792797,1793457,80509,4,NA,NA,NA,NA,NA,NA,NA,911,17,26751,510,0,0,NA,NA,NA,NA,NA,NA,YUHS
1792797,1793457,195212,4,NA,NA,NA,NA,NA,NA,NA,911,17,26751,510,0,0,NA,NA,NA,NA,NA,NA,YUHS
1792797,1793457,140168,4,310257827153583,NA,NA,NA,NA,33.368424768232,NA,911,17,26727,510,-5,0,NA,NA,NA,NA,NA,NA,YUHS
1792797,1793457,380731,4,NA,NA,NA,NA,NA,NA,NA,911,17,26751,510,0,0,NA,NA,NA,NA,NA,NA,YUHS
1792797,1793457,42873169,4,NA,NA,NA,NA,NA,NA,NA,911,17,26751,510,0,0,NA,NA,NA,NA,NA,NA,YUHS
1792797,1793457,435093,4,NA,NA,NA,NA,NA,NA,NA,911,17,26751,510,0,0,NA,NA,NA,NA,NA,NA,YUHS
1792797,1793457,318800,4,1.32684265292103,0.480737658828068,5.49270175197842,0.649035207038651,NA,0.28280217478616,0.621402699638937,911,17,22646,451,227,-5,NA,NA,NA,NA,NA,NA,YUHS
1792797,1793457,377535,4,NA,NA,NA,NA,NA,NA,NA,911,17,26751,510,0,0,NA,NA,NA,NA,NA,NA,YUHS
1792797,1793457,261326,4,NA,NA,NA,NA,NA,NA,NA,911,17,26751,510,0,0,NA,NA,NA,NA,NA,NA,YUHS
1792797,1793457,440129,4,NA,NA,NA,NA,NA,NA,NA,911,17,26747,510,-5,0,NA,NA,NA,NA,NA,NA,YUHS
1792797,1793457,30234,4,NA,NA,NA,NA,NA,NA,NA,911,17,26735,510,-5,0,NA,NA,NA,NA,NA,NA,YUHS
1792797,1793457,199074,4,331419958152813,NA,NA,NA,NA,33.4344074428639,NA,911,17,26698,510,-5,0,NA,NA,NA,NA,NA,NA,YUHS
1792797,1793457,4218106,4,NA,NA,NA,NA,NA,NA,NA,911,17,26709,510,-5,0,NA,NA,NA,NA,NA,NA,YUHS
1792797,1793457,1792364,4,320193742311510,NA,NA,NA,NA,33.3999473732381,NA,911,17,26397,510,28,0,NA,NA,NA,NA,NA,NA,YUHS
1792797,1793457,1792371,4,NA,NA,NA,NA,NA,NA,NA,911,17,26699,510,-5,0,NA,NA,NA,NA,NA,NA,YUHS
1792797,1793457,1792374,4,124452899147314,NA,NA,NA,NA,32.4549484401503,NA,911,17,26589,510,12,0,NA,NA,NA,NA,NA,NA,YUHS
1792797,1793457,4131595,4,NA,NA,NA,NA,NA,NA,NA,911,17,26734,510,-5,0,NA,NA,NA,NA,NA,NA,YUHS
1792797,1793457,436675,4,NA,NA,NA,NA,NA,NA,NA,911,17,26751,510,0,0,NA,NA,NA,NA,NA,NA,YUHS
1792797,1793457,135215,4,NA,NA,NA,NA,NA,NA,NA,911,17,26743,510,-5,0,NA,NA,NA,NA,NA,NA,YUHS
1792797,1793457,438407,4,NA,NA,NA,NA,NA,NA,NA,911,17,26751,510,0,0,NA,NA,NA,NA,NA,NA,YUHS
1792797,1793457,1792367,4,0.335833080235017,0.0811333602309457,2.2540686256145,0.198231239561406,NA,-1.09114102747232,0.848076276680712,911,17,26001,456,50,-5,NA,NA,NA,NA,NA,NA,YUHS
1792797,1793457,4171915,4,NA,NA,NA,NA,NA,NA,NA,911,17,26751,510,0,0,NA,NA,NA,NA,NA,NA,YUHS
1792797,1793457,437082,4,NA,NA,NA,NA,NA,NA,NA,911,17,26751,510,0,0,NA,NA,NA,NA,NA,NA,YUHS
1792797,1793457,4135082,4,NA,NA,NA,NA,NA,NA,NA,911,17,26751,510,0,0,NA,NA,NA,NA,NA,NA,YUHS
1792797,1793457,4172458,4,NA,NA,NA,NA,NA,NA,NA,911,17,26751,510,0,0,NA,NA,NA,NA,NA,NA,YUHS
1792797,1793457,4092565,4,NA,NA,NA,NA,NA,NA,NA,911,17,26751,510,0,0,NA,NA,NA,NA,NA,NA,YUHS
1792797,1793457,436676,4,NA,NA,NA,NA,NA,NA,NA,911,17,26739,510,-5,0,NA,NA,NA,NA,NA,NA,YUHS
1792797,1793457,4114197,4,310257827153583,NA,NA,NA,NA,33.368424768232,NA,911,17,26716,510,-5,0,NA,NA,NA,NA,NA,NA,YUHS
1792797,1793457,378424,4,NA,NA,NA,NA,NA,NA,NA,911,17,26751,510,0,0,NA,NA,NA,NA,NA,NA,YUHS
1792797,1793457,4142905,4,NA,NA,NA,NA,NA,NA,NA,911,17,26751,510,0,0,NA,NA,NA,NA,NA,NA,YUHS
1792797,1793457,134619,4,NA,NA,NA,NA,NA,NA,NA,911,17,26751,510,0,0,NA,NA,NA,NA,NA,NA,YUHS
1792797,1793457,77965,4,NA,NA,NA,NA,NA,NA,NA,911,17,26751,510,0,0,NA,NA,NA,NA,NA,NA,YUHS
1792797,1793457,134453,4,NA,NA,NA,NA,NA,NA,NA,911,17,26751,510,0,0,NA,NA,NA,NA,NA,NA,YUHS
1792797,1793457,4049417,4,NA,NA,NA,NA,NA,NA,NA,911,17,26751,510,0,0,NA,NA,NA,NA,NA,NA,YUHS
1792797,1793457,72576,4,NA,NA,NA,NA,NA,NA,NA,911,17,26751,510,0,0,NA,NA,NA,NA,NA,NA,YUHS
1792797,1793457,1792368,4,150782514911694,3.11409100903022e-9,NA,NA,NA,32.6468596159184,NA,911,17,26551,510,14,0,NA,NA,NA,NA,NA,NA,YUHS
1792797,1793457,440424,4,NA,NA,NA,NA,NA,NA,NA,911,17,26751,510,0,0,NA,NA,NA,NA,NA,NA,YUHS
1792797,1793457,439840,4,NA,NA,NA,NA,NA,NA,NA,911,17,26751,510,0,0,NA,NA,NA,NA,NA,NA,YUHS
1792797,1793457,40443308,4,NA,NA,NA,NA,NA,NA,NA,911,17,26751,510,0,0,NA,NA,NA,NA,NA,NA,YUHS
1792797,1793457,380094,4,NA,NA,NA,NA,NA,NA,NA,911,17,26751,510,0,0,NA,NA,NA,NA,NA,NA,YUHS
1792797,1793457,4223947,4,NA,NA,NA,NA,NA,NA,NA,911,17,26751,510,0,0,NA,NA,NA,NA,NA,NA,YUHS
1792797,1793457,4108467,4,NA,NA,NA,NA,NA,NA,NA,911,17,26751,510,0,0,NA,NA,NA,NA,NA,NA,YUHS
1792797,1793457,4339088,4,NA,NA,NA,NA,NA,NA,NA,911,17,26751,510,0,0,NA,NA,NA,NA,NA,NA,YUHS
1792797,1793457,381581,4,NA,NA,NA,NA,NA,NA,NA,911,17,26751,510,0,0,NA,NA,NA,NA,NA,NA,YUHS
1792797,1793457,4299544,4,NA,NA,NA,NA,NA,NA,NA,911,17,26751,510,0,0,NA,NA,NA,NA,NA,NA,YUHS
1792797,1793457,4304008,4,NA,NA,NA,NA,NA,NA,NA,911,17,26751,510,0,0,NA,NA,NA,NA,NA,NA,YUHS
1792797,1793457,376132,4,NA,NA,NA,NA,NA,NA,NA,911,17,26751,510,0,0,NA,NA,NA,NA,NA,NA,YUHS
1792797,1793457,201792,4,NA,NA,NA,NA,NA,NA,NA,911,17,26751,510,0,0,NA,NA,NA,NA,NA,NA,YUHS
1792797,1793457,74189,4,NA,NA,NA,NA,NA,NA,NA,911,17,26751,510,0,0,NA,NA,NA,NA,NA,NA,YUHS
1792797,1793457,373478,4,NA,NA,NA,NA,NA,NA,NA,911,17,26743,510,-5,0,NA,NA,NA,NA,NA,NA,YUHS
1792797,1793457,4028970,4,NA,NA,NA,NA,NA,NA,NA,911,17,26751,510,0,0,NA,NA,NA,NA,NA,NA,YUHS
1792797,1793457,253796,4,NA,NA,NA,NA,NA,NA,NA,911,17,26745,510,-5,0,NA,NA,NA,NA,NA,NA,YUHS
1792797,1793457,4153877,4,NA,NA,NA,NA,NA,NA,NA,911,17,26751,510,0,0,NA,NA,NA,NA,NA,NA,YUHS
1792797,1793457,381444,4,NA,NA,NA,NA,NA,NA,NA,911,17,26751,510,0,0,NA,NA,NA,NA,NA,NA,YUHS
1792797,1793457,198075,4,NA,NA,NA,NA,NA,NA,NA,911,17,26751,510,0,0,NA,NA,NA,NA,NA,NA,YUHS
1792797,1793457,4150372,4,NA,NA,NA,NA,NA,NA,NA,911,17,26751,510,0,0,NA,NA,NA,NA,NA,NA,YUHS
1792797,1793457,261326,5,NA,NA,NA,NA,NA,NA,NA,911,17,78003,1530,0,0,NA,NA,NA,NA,NA,NA,YUHS
1792797,1793457,30441,5,NA,NA,NA,NA,NA,NA,NA,911,17,78003,1530,0,0,NA,NA,NA,NA,NA,NA,YUHS
1792797,1793457,4001458,5,NA,NA,NA,NA,NA,NA,NA,911,17,77842,1530,-5,0,NA,NA,NA,NA,NA,NA,YUHS
1792797,1793457,139902,5,NA,NA,NA,NA,NA,NA,NA,911,17,77917,1530,-5,0,NA,NA,NA,NA,NA,NA,YUHS
1792797,1793457,75576,5,116161156918765,NA,NA,NA,NA,32.3859996266555,NA,911,17,77567,1530,7,0,NA,NA,NA,NA,NA,NA,YUHS
1792797,1793457,201792,5,NA,NA,NA,NA,NA,NA,NA,911,17,78003,1530,0,0,NA,NA,NA,NA,NA,NA,YUHS
1792797,1793457,197036,5,NA,NA,NA,NA,NA,NA,NA,911,17,78003,1530,0,0,NA,NA,NA,NA,NA,NA,YUHS
1792797,1793457,140362,5,NA,NA,NA,NA,NA,NA,NA,911,17,78003,1530,0,0,NA,NA,NA,NA,NA,NA,YUHS
1792797,1793457,81336,5,NA,NA,NA,NA,NA,NA,NA,911,17,78003,1530,0,0,NA,NA,NA,NA,NA,NA,YUHS
1792797,1793457,4218106,5,NA,NA,NA,NA,NA,NA,NA,911,17,77841,1530,-5,0,NA,NA,NA,NA,NA,NA,YUHS
1792797,1793457,4028970,5,NA,NA,NA,NA,NA,NA,NA,911,17,78003,1530,0,0,NA,NA,NA,NA,NA,NA,YUHS
1792797,1793457,77965,5,NA,NA,NA,NA,NA,NA,NA,911,17,78003,1530,0,0,NA,NA,NA,NA,NA,NA,YUHS
1792797,1793457,377910,5,NA,NA,NA,NA,NA,NA,NA,911,17,77936,1530,-5,0,NA,NA,NA,NA,NA,NA,YUHS
1792797,1793457,376707,5,NA,NA,NA,NA,NA,NA,NA,911,17,78003,1530,0,0,NA,NA,NA,NA,NA,NA,YUHS
1792797,1793457,374366,5,7.60595091022817e-10,2.43080472882866e-27,0.619002729394713,0.17583818770356,NA,-20.9969199745404,15.5109813309924,911,17,77912,1499,-5,-5,NA,NA,NA,NA,NA,NA,YUHS
1792797,1793457,432590,5,NA,NA,NA,NA,NA,NA,NA,911,17,78003,1530,0,0,NA,NA,NA,NA,NA,NA,YUHS
1792797,1793457,140168,5,296304003770741,0.0207411170920506,NA,NA,NA,33.3224070829741,NA,911,17,77859,1530,-5,0,NA,NA,NA,NA,NA,NA,YUHS
1792797,1793457,4047787,5,NA,NA,NA,NA,NA,NA,NA,911,17,78003,1530,-5,0,NA,NA,NA,NA,NA,NA,YUHS
1792797,1793457,373478,5,NA,NA,NA,NA,NA,NA,NA,911,17,77935,1530,-5,0,NA,NA,NA,NA,NA,NA,YUHS
1792797,1793457,436100,5,NA,NA,NA,NA,NA,NA,NA,911,17,77981,1530,-5,0,NA,NA,NA,NA,NA,NA,YUHS
1792797,1793457,195212,5,NA,NA,NA,NA,NA,NA,NA,911,17,78003,1530,0,0,NA,NA,NA,NA,NA,NA,YUHS
1792797,1793457,4339088,5,NA,NA,NA,NA,NA,NA,NA,911,17,78003,1530,0,0,NA,NA,NA,NA,NA,NA,YUHS
1792797,1793457,199074,5,301666620861304,NA,NA,NA,NA,33.3403436191194,NA,911,17,77770,1530,-5,0,NA,NA,NA,NA,NA,NA,YUHS
1792797,1793457,74189,5,NA,NA,NA,NA,NA,NA,NA,911,17,78003,1530,0,0,NA,NA,NA,NA,NA,NA,YUHS
1792797,1793457,30234,5,NA,NA,NA,NA,NA,NA,NA,911,17,77927,1530,-5,0,NA,NA,NA,NA,NA,NA,YUHS
1792797,1793457,4223947,5,NA,NA,NA,NA,NA,NA,NA,911,17,78003,1530,0,0,NA,NA,NA,NA,NA,NA,YUHS
1792797,1793457,440129,5,5.14617113050698e-10,3.7163438777400497e-28,0.622894374808893,0.181085682012904,NA,-21.38759796158,15.9916877107067,911,17,77939,1515,-5,-5,NA,NA,NA,NA,NA,NA,YUHS
1792797,1793457,4131595,5,314747042275764,NA,NA,NA,NA,33.3827903917501,NA,911,17,77885,1530,-5,0,NA,NA,NA,NA,NA,NA,YUHS
1792797,1793457,4164337,5,NA,NA,NA,NA,NA,NA,NA,911,17,77841,1530,-5,0,NA,NA,NA,NA,NA,NA,YUHS
1792797,1793457,436675,5,NA,NA,NA,NA,NA,NA,NA,911,17,78003,1530,0,0,NA,NA,NA,NA,NA,NA,YUHS
1792797,1793457,440814,5,NA,NA,NA,NA,NA,NA,NA,911,17,78003,1530,0,0,NA,NA,NA,NA,NA,NA,YUHS
1792797,1793457,1792366,5,0.383911545401882,0.0961494365948879,2.54369731322795,0.251918083591713,NA,-0.957343103445098,0.835594518623375,911,17,74474,1356,69,-5,NA,NA,NA,NA,NA,NA,YUHS
1792797,1793457,381581,5,NA,NA,NA,NA,NA,NA,NA,911,17,78003,1530,0,0,NA,NA,NA,NA,NA,NA,YUHS
1792797,1793457,4092565,5,NA,NA,NA,NA,NA,NA,NA,911,17,78003,1530,0,0,NA,NA,NA,NA,NA,NA,YUHS
1792797,1793457,1792374,5,57098007771048.6,NA,NA,NA,NA,31.6757903418076,NA,911,17,77109,1530,19,0,NA,NA,NA,NA,NA,NA,YUHS
1792797,1793457,433527,5,NA,NA,NA,NA,NA,NA,NA,911,17,77918,1530,-5,0,NA,NA,NA,NA,NA,NA,YUHS
1792797,1793457,4079750,5,0.105931854587096,0.0041927251433896,2.67643535707411,0.173047919203649,NA,-2.24495927286064,1.64770634402324,911,17,77850,1526,-5,-5,NA,NA,NA,NA,NA,NA,YUHS
1792797,1793457,1792367,5,0.38391154540189,0.0961494365948735,2.54369731322811,0.251918083591754,NA,-0.957343103445076,0.835594518623428,911,17,75178,1356,57,-5,NA,NA,NA,NA,NA,NA,YUHS
1792797,1793457,4280571,5,NA,NA,NA,NA,NA,NA,NA,911,17,77884,1530,-5,0,NA,NA,NA,NA,NA,NA,YUHS
1792797,1793457,4049417,5,NA,NA,NA,NA,NA,NA,NA,911,17,78003,1530,0,0,NA,NA,NA,NA,NA,NA,YUHS
1792797,1793457,437082,5,NA,NA,NA,NA,NA,NA,NA,911,17,77931,1530,-5,0,NA,NA,NA,NA,NA,NA,YUHS
1792797,1793457,198202,5,NA,NA,NA,NA,NA,NA,NA,911,17,78003,1530,0,0,NA,NA,NA,NA,NA,NA,YUHS
1792797,1793457,376938,5,NA,NA,NA,NA,NA,NA,NA,911,17,78003,1530,0,0,NA,NA,NA,NA,NA,NA,YUHS
1792797,1793457,141933,5,NA,NA,NA,NA,NA,NA,NA,911,17,78003,1530,0,0,NA,NA,NA,NA,NA,NA,YUHS
1792797,1793457,73300,5,NA,NA,NA,NA,NA,NA,NA,911,17,78003,1530,0,0,NA,NA,NA,NA,NA,NA,YUHS
1792797,1793457,380395,5,NA,NA,NA,NA,NA,NA,NA,911,17,78003,1530,0,0,NA,NA,NA,NA,NA,NA,YUHS
1792797,1793457,1792373,5,695309258935578,0.0201890590290964,NA,NA,NA,34.1753778394062,NA,911,17,77920,1530,-5,0,NA,NA,NA,NA,NA,NA,YUHS
1792797,1793457,141323,5,NA,NA,NA,NA,NA,NA,NA,911,17,78003,1530,0,0,NA,NA,NA,NA,NA,NA,YUHS
1792797,1793457,1792368,5,84908342541147.5,4.395083023541361e-9,NA,NA,NA,32.072593467565,NA,911,17,76951,1530,21,0,NA,NA,NA,NA,NA,NA,YUHS
1792797,1793457,134765,5,NA,NA,NA,NA,NA,NA,NA,911,17,78003,1530,0,0,NA,NA,NA,NA,NA,NA,YUHS
1792797,1793457,4288544,5,296304003770741,0.0207411170920508,NA,NA,NA,33.3224070829741,NA,911,17,77829,1530,-5,0,NA,NA,NA,NA,NA,NA,YUHS
1792797,1793457,380731,5,NA,NA,NA,NA,NA,NA,NA,911,17,78003,1530,0,0,NA,NA,NA,NA,NA,NA,YUHS
1792797,1793457,380094,5,NA,NA,NA,NA,NA,NA,NA,911,17,78003,1530,0,0,NA,NA,NA,NA,NA,NA,YUHS
1792797,1793457,435613,5,NA,NA,NA,NA,NA,NA,NA,911,17,77928,1530,-5,0,NA,NA,NA,NA,NA,NA,YUHS
1792797,1793457,138463,5,NA,NA,NA,NA,NA,NA,NA,911,17,78003,1530,0,0,NA,NA,NA,NA,NA,NA,YUHS
1792797,1793457,199861,5,NA,NA,NA,NA,NA,NA,NA,911,17,78003,1530,0,0,NA,NA,NA,NA,NA,NA,YUHS
1792797,1793457,439840,5,NA,NA,NA,NA,NA,NA,NA,911,17,78003,1530,0,0,NA,NA,NA,NA,NA,NA,YUHS
1792797,1793457,1792364,5,320193742311510,NA,NA,NA,NA,33.3999473732381,NA,911,17,77193,1530,30,0,NA,NA,NA,NA,NA,NA,YUHS
1792797,1793457,433450,5,NA,NA,NA,NA,NA,NA,NA,911,17,78003,1530,0,0,NA,NA,NA,NA,NA,NA,YUHS
1792797,1793457,74855,5,NA,NA,NA,NA,NA,NA,NA,911,17,78003,1530,0,0,NA,NA,NA,NA,NA,NA,YUHS
1792797,1793457,72576,5,NA,NA,NA,NA,NA,NA,NA,911,17,78003,1530,0,0,NA,NA,NA,NA,NA,NA,YUHS
1792797,1793457,261880,5,206935048456465,NA,NA,NA,NA,32.9634260843834,NA,911,17,77802,1530,-5,0,NA,NA,NA,NA,NA,NA,YUHS
1792797,1793457,4304008,5,NA,NA,NA,NA,NA,NA,NA,911,17,78003,1530,0,0,NA,NA,NA,NA,NA,NA,YUHS
1792797,1793457,440424,5,NA,NA,NA,NA,NA,NA,NA,911,17,78003,1530,0,0,NA,NA,NA,NA,NA,NA,YUHS
1792797,1793457,1792370,5,0.0991181813907652,0.0118944156974336,0.825962766626657,0.0326213902313612,NA,-2.31144238938036,1.0817751520888,911,17,76102,1356,28,-5,NA,NA,NA,NA,NA,NA,YUHS
1792797,1793457,194997,5,NA,NA,NA,NA,NA,NA,NA,911,17,77943,1530,-5,0,NA,NA,NA,NA,NA,NA,YUHS
1792797,1793457,434626,5,NA,NA,NA,NA,NA,NA,NA,911,17,78003,1530,0,0,NA,NA,NA,NA,NA,NA,YUHS
1792797,1793457,40443308,5,NA,NA,NA,NA,NA,NA,NA,911,17,78003,1530,0,0,NA,NA,NA,NA,NA,NA,YUHS
1792797,1793457,4135082,5,NA,NA,NA,NA,NA,NA,NA,911,17,78003,1530,0,0,NA,NA,NA,NA,NA,NA,YUHS
1792797,1793457,378424,5,207966767883427,0.0190008407327476,NA,NA,NA,32.9683994130741,NA,911,17,77914,1530,-5,0,NA,NA,NA,NA,NA,NA,YUHS
1792797,1793457,72418,5,NA,NA,NA,NA,NA,NA,NA,911,17,77992,1530,-5,0,NA,NA,NA,NA,NA,NA,YUHS
1792797,1793457,4142905,5,NA,NA,NA,NA,NA,NA,NA,911,17,78003,1530,0,0,NA,NA,NA,NA,NA,NA,YUHS
1792797,1793457,1792372,5,NA,NA,NA,NA,NA,NA,NA,911,17,77845,1530,-5,0,NA,NA,NA,NA,NA,NA,YUHS
1792797,1793457,4172458,5,NA,NA,NA,NA,NA,NA,NA,911,17,78003,1530,0,0,NA,NA,NA,NA,NA,NA,YUHS
1792797,1793457,134453,5,NA,NA,NA,NA,NA,NA,NA,911,17,78003,1530,0,0,NA,NA,NA,NA,NA,NA,YUHS
1792797,1793457,198075,5,NA,NA,NA,NA,NA,NA,NA,911,17,78003,1530,0,0,NA,NA,NA,NA,NA,NA,YUHS
1792797,1793457,377535,5,NA,NA,NA,NA,NA,NA,NA,911,17,78003,1530,0,0,NA,NA,NA,NA,NA,NA,YUHS
1792797,1793457,436676,5,NA,NA,NA,NA,NA,NA,NA,911,17,77931,1530,-5,0,NA,NA,NA,NA,NA,NA,YUHS
1792797,1793457,318800,5,1.05282192342029,0.424639996338119,3.50680682907573,0.923860006739112,NA,0.0514741052895531,0.538586280468985,911,17,60439,1288,252,-5,NA,NA,NA,NA,NA,NA,YUHS
1792797,1793457,1792371,5,208548064818827,0.0225018552666456,NA,NA,NA,32.9711906573092,NA,911,17,77762,1530,-5,0,NA,NA,NA,NA,NA,NA,YUHS
1792797,1793457,4150372,5,NA,NA,NA,NA,NA,NA,NA,911,17,78003,1530,0,0,NA,NA,NA,NA,NA,NA,YUHS
1792797,1793457,4207307,5,NA,NA,NA,NA,NA,NA,NA,911,17,77959,1530,-5,0,NA,NA,NA,NA,NA,NA,YUHS
1792797,1793457,381444,5,NA,NA,NA,NA,NA,NA,NA,911,17,78003,1530,0,0,NA,NA,NA,NA,NA,NA,YUHS
1792797,1793457,435093,5,NA,NA,NA,NA,NA,NA,NA,911,17,78003,1530,0,0,NA,NA,NA,NA,NA,NA,YUHS
1792797,1793457,80509,5,NA,NA,NA,NA,NA,NA,NA,911,17,78003,1530,0,0,NA,NA,NA,NA,NA,NA,YUHS
1792797,1793457,135215,5,226775132965768,NA,NA,NA,NA,33.0549800387628,NA,911,17,77924,1530,-5,0,NA,NA,NA,NA,NA,NA,YUHS
1792797,1793457,194696,5,NA,NA,NA,NA,NA,NA,NA,911,17,77936,1530,-5,0,NA,NA,NA,NA,NA,NA,YUHS
1792797,1793457,438407,5,NA,NA,NA,NA,NA,NA,NA,911,17,78003,1530,0,0,NA,NA,NA,NA,NA,NA,YUHS
1792797,1793457,433440,5,NA,NA,NA,NA,NA,NA,NA,911,17,77953,1530,-5,0,NA,NA,NA,NA,NA,NA,YUHS
1792797,1793457,380839,5,NA,NA,NA,NA,NA,NA,NA,911,17,78003,1530,0,0,NA,NA,NA,NA,NA,NA,YUHS
1792797,1793457,198803,5,1.24346644564725,0.244969233301614,22.6425173226645,0.850324045932761,NA,0.217903000099305,1.15472838447681,911,17,73979,1456,65,-5,NA,NA,NA,NA,NA,NA,YUHS
1792797,1793457,4114197,5,333060548204974,NA,NA,NA,NA,33.4393454158219,NA,911,17,77808,1530,-5,0,NA,NA,NA,NA,NA,NA,YUHS
1792797,1793457,133228,5,296377959593088,0.0269844623626638,NA,NA,NA,33.3226566462384,NA,911,17,77742,1530,-5,0,NA,NA,NA,NA,NA,NA,YUHS
1792797,1793457,1792369,5,0.147609796041312,0.0244572371699348,1.12078673008465,0.0499098612448793,NA,-1.9131830001745,0.975747517441315,911,17,76019,1356,30,-5,NA,NA,NA,NA,NA,NA,YUHS
1792797,1793457,316457,5,NA,NA,NA,NA,NA,NA,NA,911,17,78003,1530,0,0,NA,NA,NA,NA,NA,NA,YUHS
1792797,1793457,4299544,5,NA,NA,NA,NA,NA,NA,NA,911,17,78003,1530,0,0,NA,NA,NA,NA,NA,NA,YUHS
1792797,1793457,42873169,5,NA,NA,NA,NA,NA,NA,NA,911,17,78003,1530,0,0,NA,NA,NA,NA,NA,NA,YUHS
1792797,1793457,374655,5,NA,NA,NA,NA,NA,NA,NA,911,17,78003,1530,0,0,NA,NA,NA,NA,NA,NA,YUHS
1792797,1793457,4171915,5,NA,NA,NA,NA,NA,NA,NA,911,17,78003,1530,0,0,NA,NA,NA,NA,NA,NA,YUHS
1792797,1793457,192606,5,NA,NA,NA,NA,NA,NA,NA,911,17,78000,1530,-5,0,NA,NA,NA,NA,NA,NA,YUHS
1792797,1793457,81878,5,NA,NA,NA,NA,NA,NA,NA,911,17,77999,1530,-5,0,NA,NA,NA,NA,NA,NA,YUHS
1792797,1793457,134619,5,NA,NA,NA,NA,NA,NA,NA,911,17,78003,1530,0,0,NA,NA,NA,NA,NA,NA,YUHS
1792797,1793457,376132,5,NA,NA,NA,NA,NA,NA,NA,911,17,78003,1530,0,0,NA,NA,NA,NA,NA,NA,YUHS
1792797,1793457,4153877,5,NA,NA,NA,NA,NA,NA,NA,911,17,78003,1530,0,0,NA,NA,NA,NA,NA,NA,YUHS
1792797,1793457,4215978,5,NA,NA,NA,NA,NA,NA,NA,911,17,77843,1530,-5,0,NA,NA,NA,NA,NA,NA,YUHS
1792797,1793457,4068482,5,685234615388355,1.25555590206416e-9,NA,NA,NA,34.1607823997662,NA,911,17,77877,1530,-5,0,NA,NA,NA,NA,NA,NA,YUHS
1792797,1793457,4239381,5,NA,NA,NA,NA,NA,NA,NA,911,17,78003,1530,0,0,NA,NA,NA,NA,NA,NA,YUHS
1792797,1793457,253796,5,NA,NA,NA,NA,NA,NA,NA,911,17,77937,1530,-5,0,NA,NA,NA,NA,NA,NA,YUHS
1792797,1793457,444367,5,NA,NA,NA,NA,NA,NA,NA,911,17,78003,1530,0,0,NA,NA,NA,NA,NA,NA,YUHS
1792797,1793457,1792365,5,237237911457818,NA,NA,NA,NA,33.100084599361,NA,911,17,77231,1530,29,0,NA,NA,NA,NA,NA,NA,YUHS
1792797,1793457,4108467,5,NA,NA,NA,NA,NA,NA,NA,911,17,78003,1530,0,0,NA,NA,NA,NA,NA,NA,YUHS
1792797,1793457,1792371,6,NA,NA,NA,NA,NA,NA,NA,0,0,0,0,0,0,NA,NA,NA,NA,NA,NA,YUHS
1792797,1793457,374655,6,NA,NA,NA,NA,NA,NA,NA,0,0,0,0,0,0,NA,NA,NA,NA,NA,NA,YUHS
1792797,1793457,4001458,6,NA,NA,NA,NA,NA,NA,NA,0,0,0,0,0,0,NA,NA,NA,NA,NA,NA,YUHS
1792797,1793457,140168,6,NA,NA,NA,NA,NA,NA,NA,0,0,0,0,0,0,NA,NA,NA,NA,NA,NA,YUHS
1792797,1793457,378424,6,NA,NA,NA,NA,NA,NA,NA,0,0,0,0,0,0,NA,NA,NA,NA,NA,NA,YUHS
1792797,1793457,80509,6,NA,NA,NA,NA,NA,NA,NA,0,0,0,0,0,0,NA,NA,NA,NA,NA,NA,YUHS
1792797,1793457,195212,6,NA,NA,NA,NA,NA,NA,NA,0,0,0,0,0,0,NA,NA,NA,NA,NA,NA,YUHS
1792797,1793457,380395,6,NA,NA,NA,NA,NA,NA,NA,0,0,0,0,0,0,NA,NA,NA,NA,NA,NA,YUHS
1792797,1793457,433450,6,NA,NA,NA,NA,NA,NA,NA,0,0,0,0,0,0,NA,NA,NA,NA,NA,NA,YUHS
1792797,1793457,438407,6,NA,NA,NA,NA,NA,NA,NA,0,0,0,0,0,0,NA,NA,NA,NA,NA,NA,YUHS
1792797,1793457,380839,6,NA,NA,NA,NA,NA,NA,NA,0,0,0,0,0,0,NA,NA,NA,NA,NA,NA,YUHS
1792797,1793457,4288544,6,NA,NA,NA,NA,NA,NA,NA,0,0,0,0,0,0,NA,NA,NA,NA,NA,NA,YUHS
1792797,1793457,141933,6,NA,NA,NA,NA,NA,NA,NA,0,0,0,0,0,0,NA,NA,NA,NA,NA,NA,YUHS
1792797,1793457,1792374,6,NA,NA,NA,NA,NA,NA,NA,0,0,0,0,0,0,NA,NA,NA,NA,NA,NA,YUHS
1792797,1793457,374366,6,NA,NA,NA,NA,NA,NA,NA,0,0,0,0,0,0,NA,NA,NA,NA,NA,NA,YUHS
1792797,1793457,138463,6,NA,NA,NA,NA,NA,NA,NA,0,0,0,0,0,0,NA,NA,NA,NA,NA,NA,YUHS
1792797,1793457,81878,6,NA,NA,NA,NA,NA,NA,NA,0,0,0,0,0,0,NA,NA,NA,NA,NA,NA,YUHS
1792797,1793457,373478,6,NA,NA,NA,NA,NA,NA,NA,0,0,0,0,0,0,NA,NA,NA,NA,NA,NA,YUHS
1792797,1793457,141323,6,NA,NA,NA,NA,NA,NA,NA,0,0,0,0,0,0,NA,NA,NA,NA,NA,NA,YUHS
1792797,1793457,437082,6,NA,NA,NA,NA,NA,NA,NA,0,0,0,0,0,0,NA,NA,NA,NA,NA,NA,YUHS
1792797,1793457,4114197,6,NA,NA,NA,NA,NA,NA,NA,0,0,0,0,0,0,NA,NA,NA,NA,NA,NA,YUHS
1792797,1793457,30441,6,NA,NA,NA,NA,NA,NA,NA,0,0,0,0,0,0,NA,NA,NA,NA,NA,NA,YUHS
1792797,1793457,436675,6,NA,NA,NA,NA,NA,NA,NA,0,0,0,0,0,0,NA,NA,NA,NA,NA,NA,YUHS
1792797,1793457,253796,6,NA,NA,NA,NA,NA,NA,NA,0,0,0,0,0,0,NA,NA,NA,NA,NA,NA,YUHS
1792797,1793457,140362,6,NA,NA,NA,NA,NA,NA,NA,0,0,0,0,0,0,NA,NA,NA,NA,NA,NA,YUHS
1792797,1793457,4299544,6,NA,NA,NA,NA,NA,NA,NA,0,0,0,0,0,0,NA,NA,NA,NA,NA,NA,YUHS
1792797,1793457,4223947,6,NA,NA,NA,NA,NA,NA,NA,0,0,0,0,0,0,NA,NA,NA,NA,NA,NA,YUHS
1792797,1793457,381444,6,NA,NA,NA,NA,NA,NA,NA,0,0,0,0,0,0,NA,NA,NA,NA,NA,NA,YUHS
1792797,1793457,72418,6,NA,NA,NA,NA,NA,NA,NA,0,0,0,0,0,0,NA,NA,NA,NA,NA,NA,YUHS
1792797,1793457,261880,6,NA,NA,NA,NA,NA,NA,NA,0,0,0,0,0,0,NA,NA,NA,NA,NA,NA,YUHS
1792797,1793457,439840,6,NA,NA,NA,NA,NA,NA,NA,0,0,0,0,0,0,NA,NA,NA,NA,NA,NA,YUHS
1792797,1793457,75576,6,NA,NA,NA,NA,NA,NA,NA,0,0,0,0,0,0,NA,NA,NA,NA,NA,NA,YUHS
1792797,1793457,4079750,6,NA,NA,NA,NA,NA,NA,NA,0,0,0,0,0,0,NA,NA,NA,NA,NA,NA,YUHS
1792797,1793457,436100,6,NA,NA,NA,NA,NA,NA,NA,0,0,0,0,0,0,NA,NA,NA,NA,NA,NA,YUHS
1792797,1793457,1792366,6,NA,NA,NA,NA,NA,NA,NA,0,0,0,0,0,0,NA,NA,NA,NA,NA,NA,YUHS
1792797,1793457,134453,6,NA,NA,NA,NA,NA,NA,NA,0,0,0,0,0,0,NA,NA,NA,NA,NA,NA,YUHS
1792797,1793457,376707,6,NA,NA,NA,NA,NA,NA,NA,0,0,0,0,0,0,NA,NA,NA,NA,NA,NA,YUHS
1792797,1793457,4108467,6,NA,NA,NA,NA,NA,NA,NA,0,0,0,0,0,0,NA,NA,NA,NA,NA,NA,YUHS
1792797,1793457,316457,6,NA,NA,NA,NA,NA,NA,NA,0,0,0,0,0,0,NA,NA,NA,NA,NA,NA,YUHS
1792797,1793457,40443308,6,NA,NA,NA,NA,NA,NA,NA,0,0,0,0,0,0,NA,NA,NA,NA,NA,NA,YUHS
1792797,1793457,194696,6,NA,NA,NA,NA,NA,NA,NA,0,0,0,0,0,0,NA,NA,NA,NA,NA,NA,YUHS
1792797,1793457,440814,6,NA,NA,NA,NA,NA,NA,NA,0,0,0,0,0,0,NA,NA,NA,NA,NA,NA,YUHS
1792797,1793457,1792364,6,NA,NA,NA,NA,NA,NA,NA,0,0,0,0,0,0,NA,NA,NA,NA,NA,NA,YUHS
1792797,1793457,42873169,6,NA,NA,NA,NA,NA,NA,NA,0,0,0,0,0,0,NA,NA,NA,NA,NA,NA,YUHS
1792797,1793457,134619,6,NA,NA,NA,NA,NA,NA,NA,0,0,0,0,0,0,NA,NA,NA,NA,NA,NA,YUHS
1792797,1793457,376938,6,NA,NA,NA,NA,NA,NA,NA,0,0,0,0,0,0,NA,NA,NA,NA,NA,NA,YUHS
1792797,1793457,4049417,6,NA,NA,NA,NA,NA,NA,NA,0,0,0,0,0,0,NA,NA,NA,NA,NA,NA,YUHS
1792797,1793457,433440,6,NA,NA,NA,NA,NA,NA,NA,0,0,0,0,0,0,NA,NA,NA,NA,NA,NA,YUHS
1792797,1793457,261326,6,NA,NA,NA,NA,NA,NA,NA,0,0,0,0,0,0,NA,NA,NA,NA,NA,NA,YUHS
1792797,1793457,1792368,6,NA,NA,NA,NA,NA,NA,NA,0,0,0,0,0,0,NA,NA,NA,NA,NA,NA,YUHS
1792797,1793457,377535,6,NA,NA,NA,NA,NA,NA,NA,0,0,0,0,0,0,NA,NA,NA,NA,NA,NA,YUHS
1792797,1793457,4131595,6,NA,NA,NA,NA,NA,NA,NA,0,0,0,0,0,0,NA,NA,NA,NA,NA,NA,YUHS
1792797,1793457,444367,6,NA,NA,NA,NA,NA,NA,NA,0,0,0,0,0,0,NA,NA,NA,NA,NA,NA,YUHS
1792797,1793457,134765,6,NA,NA,NA,NA,NA,NA,NA,0,0,0,0,0,0,NA,NA,NA,NA,NA,NA,YUHS
1792797,1793457,435613,6,NA,NA,NA,NA,NA,NA,NA,0,0,0,0,0,0,NA,NA,NA,NA,NA,NA,YUHS
1792797,1793457,1792365,6,NA,NA,NA,NA,NA,NA,NA,0,0,0,0,0,0,NA,NA,NA,NA,NA,NA,YUHS
1792797,1793457,30234,6,NA,NA,NA,NA,NA,NA,NA,0,0,0,0,0,0,NA,NA,NA,NA,NA,NA,YUHS
1792797,1793457,198803,6,NA,NA,NA,NA,NA,NA,NA,0,0,0,0,0,0,NA,NA,NA,NA,NA,NA,YUHS
1792797,1793457,4164337,6,NA,NA,NA,NA,NA,NA,NA,0,0,0,0,0,0,NA,NA,NA,NA,NA,NA,YUHS
1792797,1793457,377910,6,NA,NA,NA,NA,NA,NA,NA,0,0,0,0,0,0,NA,NA,NA,NA,NA,NA,YUHS
1792797,1793457,1792369,6,NA,NA,NA,NA,NA,NA,NA,0,0,0,0,0,0,NA,NA,NA,NA,NA,NA,YUHS
1792797,1793457,4304008,6,NA,NA,NA,NA,NA,NA,NA,0,0,0,0,0,0,NA,NA,NA,NA,NA,NA,YUHS
1792797,1793457,4171915,6,NA,NA,NA,NA,NA,NA,NA,0,0,0,0,0,0,NA,NA,NA,NA,NA,NA,YUHS
1792797,1793457,197036,6,NA,NA,NA,NA,NA,NA,NA,0,0,0,0,0,0,NA,NA,NA,NA,NA,NA,YUHS
1792797,1793457,433527,6,NA,NA,NA,NA,NA,NA,NA,0,0,0,0,0,0,NA,NA,NA,NA,NA,NA,YUHS
1792797,1793457,4280571,6,NA,NA,NA,NA,NA,NA,NA,0,0,0,0,0,0,NA,NA,NA,NA,NA,NA,YUHS
1792797,1793457,77965,6,NA,NA,NA,NA,NA,NA,NA,0,0,0,0,0,0,NA,NA,NA,NA,NA,NA,YUHS
1792797,1793457,1792370,6,NA,NA,NA,NA,NA,NA,NA,0,0,0,0,0,0,NA,NA,NA,NA,NA,NA,YUHS
1792797,1793457,4207307,6,NA,NA,NA,NA,NA,NA,NA,0,0,0,0,0,0,NA,NA,NA,NA,NA,NA,YUHS
1792797,1793457,4339088,6,NA,NA,NA,NA,NA,NA,NA,0,0,0,0,0,0,NA,NA,NA,NA,NA,NA,YUHS
1792797,1793457,4028970,6,NA,NA,NA,NA,NA,NA,NA,0,0,0,0,0,0,NA,NA,NA,NA,NA,NA,YUHS
1792797,1793457,4172458,6,NA,NA,NA,NA,NA,NA,NA,0,0,0,0,0,0,NA,NA,NA,NA,NA,NA,YUHS
1792797,1793457,192606,6,NA,NA,NA,NA,NA,NA,NA,0,0,0,0,0,0,NA,NA,NA,NA,NA,NA,YUHS
1792797,1793457,318800,6,NA,NA,NA,NA,NA,NA,NA,0,0,0,0,0,0,NA,NA,NA,NA,NA,NA,YUHS
1792797,1793457,381581,6,NA,NA,NA,NA,NA,NA,NA,0,0,0,0,0,0,NA,NA,NA,NA,NA,NA,YUHS
1792797,1793457,72576,6,NA,NA,NA,NA,NA,NA,NA,0,0,0,0,0,0,NA,NA,NA,NA,NA,NA,YUHS
1792797,1793457,434626,6,NA,NA,NA,NA,NA,NA,NA,0,0,0,0,0,0,NA,NA,NA,NA,NA,NA,YUHS
1792797,1793457,436676,6,NA,NA,NA,NA,NA,NA,NA,0,0,0,0,0,0,NA,NA,NA,NA,NA,NA,YUHS
1792797,1793457,4218106,6,NA,NA,NA,NA,NA,NA,NA,0,0,0,0,0,0,NA,NA,NA,NA,NA,NA,YUHS
1792797,1793457,380731,6,NA,NA,NA,NA,NA,NA,NA,0,0,0,0,0,0,NA,NA,NA,NA,NA,NA,YUHS
1792797,1793457,1792372,6,NA,NA,NA,NA,NA,NA,NA,0,0,0,0,0,0,NA,NA,NA,NA,NA,NA,YUHS
1792797,1793457,440129,6,NA,NA,NA,NA,NA,NA,NA,0,0,0,0,0,0,NA,NA,NA,NA,NA,NA,YUHS
1792797,1793457,4047787,6,NA,NA,NA,NA,NA,NA,NA,0,0,0,0,0,0,NA,NA,NA,NA,NA,NA,YUHS
1792797,1793457,1792367,6,NA,NA,NA,NA,NA,NA,NA,0,0,0,0,0,0,NA,NA,NA,NA,NA,NA,YUHS
1792797,1793457,4068482,6,NA,NA,NA,NA,NA,NA,NA,0,0,0,0,0,0,NA,NA,NA,NA,NA,NA,YUHS
1792797,1793457,73300,6,NA,NA,NA,NA,NA,NA,NA,0,0,0,0,0,0,NA,NA,NA,NA,NA,NA,YUHS
1792797,1793457,435093,6,NA,NA,NA,NA,NA,NA,NA,0,0,0,0,0,0,NA,NA,NA,NA,NA,NA,YUHS
1792797,1793457,198075,6,NA,NA,NA,NA,NA,NA,NA,0,0,0,0,0,0,NA,NA,NA,NA,NA,NA,YUHS
1792797,1793457,4215978,6,NA,NA,NA,NA,NA,NA,NA,0,0,0,0,0,0,NA,NA,NA,NA,NA,NA,YUHS
1792797,1793457,1792373,6,NA,NA,NA,NA,NA,NA,NA,0,0,0,0,0,0,NA,NA,NA,NA,NA,NA,YUHS
1792797,1793457,81336,6,NA,NA,NA,NA,NA,NA,NA,0,0,0,0,0,0,NA,NA,NA,NA,NA,NA,YUHS
1792797,1793457,199074,6,NA,NA,NA,NA,NA,NA,NA,0,0,0,0,0,0,NA,NA,NA,NA,NA,NA,YUHS
1792797,1793457,74189,6,NA,NA,NA,NA,NA,NA,NA,0,0,0,0,0,0,NA,NA,NA,NA,NA,NA,YUHS
1792797,1793457,139902,6,NA,NA,NA,NA,NA,NA,NA,0,0,0,0,0,0,NA,NA,NA,NA,NA,NA,YUHS
1792797,1793457,4153877,6,NA,NA,NA,NA,NA,NA,NA,0,0,0,0,0,0,NA,NA,NA,NA,NA,NA,YUHS
1792797,1793457,135215,6,NA,NA,NA,NA,NA,NA,NA,0,0,0,0,0,0,NA,NA,NA,NA,NA,NA,YUHS
1792797,1793457,199861,6,NA,NA,NA,NA,NA,NA,NA,0,0,0,0,0,0,NA,NA,NA,NA,NA,NA,YUHS
1792797,1793457,4142905,6,NA,NA,NA,NA,NA,NA,NA,0,0,0,0,0,0,NA,NA,NA,NA,NA,NA,YUHS
1792797,1793457,133228,6,NA,NA,NA,NA,NA,NA,NA,0,0,0,0,0,0,NA,NA,NA,NA,NA,NA,YUHS
1792797,1793457,4135082,6,NA,NA,NA,NA,NA,NA,NA,0,0,0,0,0,0,NA,NA,NA,NA,NA,NA,YUHS
1792797,1793457,380094,6,NA,NA,NA,NA,NA,NA,NA,0,0,0,0,0,0,NA,NA,NA,NA,NA,NA,YUHS
1792797,1793457,4150372,6,NA,NA,NA,NA,NA,NA,NA,0,0,0,0,0,0,NA,NA,NA,NA,NA,NA,YUHS
1792797,1793457,74855,6,NA,NA,NA,NA,NA,NA,NA,0,0,0,0,0,0,NA,NA,NA,NA,NA,NA,YUHS
1792797,1793457,440424,6,NA,NA,NA,NA,NA,NA,NA,0,0,0,0,0,0,NA,NA,NA,NA,NA,NA,YUHS
1792797,1793457,4239381,6,NA,NA,NA,NA,NA,NA,NA,0,0,0,0,0,0,NA,NA,NA,NA,NA,NA,YUHS
1792797,1793457,198202,6,NA,NA,NA,NA,NA,NA,NA,0,0,0,0,0,0,NA,NA,NA,NA,NA,NA,YUHS
1792797,1793457,194997,6,NA,NA,NA,NA,NA,NA,NA,0,0,0,0,0,0,NA,NA,NA,NA,NA,NA,YUHS
1792797,1793457,4092565,6,NA,NA,NA,NA,NA,NA,NA,0,0,0,0,0,0,NA,NA,NA,NA,NA,NA,YUHS
1792797,1793457,201792,6,NA,NA,NA,NA,NA,NA,NA,0,0,0,0,0,0,NA,NA,NA,NA,NA,NA,YUHS
1792797,1793457,376132,6,NA,NA,NA,NA,NA,NA,NA,0,0,0,0,0,0,NA,NA,NA,NA,NA,NA,YUHS
1792797,1793457,432590,6,NA,NA,NA,NA,NA,NA,NA,0,0,0,0,0,0,NA,NA,NA,NA,NA,NA,YUHS
1792797,1793457,376132,7,NA,NA,NA,NA,NA,NA,NA,0,0,0,0,0,0,NA,NA,NA,NA,NA,NA,YUHS
1792797,1793457,80509,7,NA,NA,NA,NA,NA,NA,NA,0,0,0,0,0,0,NA,NA,NA,NA,NA,NA,YUHS
1792797,1793457,74189,7,NA,NA,NA,NA,NA,NA,NA,0,0,0,0,0,0,NA,NA,NA,NA,NA,NA,YUHS
1792797,1793457,261880,7,NA,NA,NA,NA,NA,NA,NA,0,0,0,0,0,0,NA,NA,NA,NA,NA,NA,YUHS
1792797,1793457,4135082,7,NA,NA,NA,NA,NA,NA,NA,0,0,0,0,0,0,NA,NA,NA,NA,NA,NA,YUHS
1792797,1793457,197036,7,NA,NA,NA,NA,NA,NA,NA,0,0,0,0,0,0,NA,NA,NA,NA,NA,NA,YUHS
1792797,1793457,440129,7,NA,NA,NA,NA,NA,NA,NA,0,0,0,0,0,0,NA,NA,NA,NA,NA,NA,YUHS
1792797,1793457,40443308,7,NA,NA,NA,NA,NA,NA,NA,0,0,0,0,0,0,NA,NA,NA,NA,NA,NA,YUHS
1792797,1793457,4239381,7,NA,NA,NA,NA,NA,NA,NA,0,0,0,0,0,0,NA,NA,NA,NA,NA,NA,YUHS
1792797,1793457,4142905,7,NA,NA,NA,NA,NA,NA,NA,0,0,0,0,0,0,NA,NA,NA,NA,NA,NA,YUHS
1792797,1793457,435613,7,NA,NA,NA,NA,NA,NA,NA,0,0,0,0,0,0,NA,NA,NA,NA,NA,NA,YUHS
1792797,1793457,433440,7,NA,NA,NA,NA,NA,NA,NA,0,0,0,0,0,0,NA,NA,NA,NA,NA,NA,YUHS
1792797,1793457,436100,7,NA,NA,NA,NA,NA,NA,NA,0,0,0,0,0,0,NA,NA,NA,NA,NA,NA,YUHS
1792797,1793457,1792369,7,NA,NA,NA,NA,NA,NA,NA,0,0,0,0,0,0,NA,NA,NA,NA,NA,NA,YUHS
1792797,1793457,376707,7,NA,NA,NA,NA,NA,NA,NA,0,0,0,0,0,0,NA,NA,NA,NA,NA,NA,YUHS
1792797,1793457,381444,7,NA,NA,NA,NA,NA,NA,NA,0,0,0,0,0,0,NA,NA,NA,NA,NA,NA,YUHS
1792797,1793457,134765,7,NA,NA,NA,NA,NA,NA,NA,0,0,0,0,0,0,NA,NA,NA,NA,NA,NA,YUHS
1792797,1793457,4049417,7,NA,NA,NA,NA,NA,NA,NA,0,0,0,0,0,0,NA,NA,NA,NA,NA,NA,YUHS
1792797,1793457,139902,7,NA,NA,NA,NA,NA,NA,NA,0,0,0,0,0,0,NA,NA,NA,NA,NA,NA,YUHS
1792797,1793457,4068482,7,NA,NA,NA,NA,NA,NA,NA,0,0,0,0,0,0,NA,NA,NA,NA,NA,NA,YUHS
1792797,1793457,1792364,7,NA,NA,NA,NA,NA,NA,NA,0,0,0,0,0,0,NA,NA,NA,NA,NA,NA,YUHS
1792797,1793457,81336,7,NA,NA,NA,NA,NA,NA,NA,0,0,0,0,0,0,NA,NA,NA,NA,NA,NA,YUHS
1792797,1793457,436675,7,NA,NA,NA,NA,NA,NA,NA,0,0,0,0,0,0,NA,NA,NA,NA,NA,NA,YUHS
1792797,1793457,380839,7,NA,NA,NA,NA,NA,NA,NA,0,0,0,0,0,0,NA,NA,NA,NA,NA,NA,YUHS
1792797,1793457,74855,7,NA,NA,NA,NA,NA,NA,NA,0,0,0,0,0,0,NA,NA,NA,NA,NA,NA,YUHS
1792797,1793457,134619,7,NA,NA,NA,NA,NA,NA,NA,0,0,0,0,0,0,NA,NA,NA,NA,NA,NA,YUHS
1792797,1793457,4304008,7,NA,NA,NA,NA,NA,NA,NA,0,0,0,0,0,0,NA,NA,NA,NA,NA,NA,YUHS
1792797,1793457,4150372,7,NA,NA,NA,NA,NA,NA,NA,0,0,0,0,0,0,NA,NA,NA,NA,NA,NA,YUHS
1792797,1793457,4207307,7,NA,NA,NA,NA,NA,NA,NA,0,0,0,0,0,0,NA,NA,NA,NA,NA,NA,YUHS
1792797,1793457,141933,7,NA,NA,NA,NA,NA,NA,NA,0,0,0,0,0,0,NA,NA,NA,NA,NA,NA,YUHS
1792797,1793457,4047787,7,NA,NA,NA,NA,NA,NA,NA,0,0,0,0,0,0,NA,NA,NA,NA,NA,NA,YUHS
1792797,1793457,1792372,7,NA,NA,NA,NA,NA,NA,NA,0,0,0,0,0,0,NA,NA,NA,NA,NA,NA,YUHS
1792797,1793457,376938,7,NA,NA,NA,NA,NA,NA,NA,0,0,0,0,0,0,NA,NA,NA,NA,NA,NA,YUHS
1792797,1793457,4114197,7,NA,NA,NA,NA,NA,NA,NA,0,0,0,0,0,0,NA,NA,NA,NA,NA,NA,YUHS
1792797,1793457,433527,7,NA,NA,NA,NA,NA,NA,NA,0,0,0,0,0,0,NA,NA,NA,NA,NA,NA,YUHS
1792797,1793457,72418,7,NA,NA,NA,NA,NA,NA,NA,0,0,0,0,0,0,NA,NA,NA,NA,NA,NA,YUHS
1792797,1793457,4153877,7,NA,NA,NA,NA,NA,NA,NA,0,0,0,0,0,0,NA,NA,NA,NA,NA,NA,YUHS
1792797,1793457,4028970,7,NA,NA,NA,NA,NA,NA,NA,0,0,0,0,0,0,NA,NA,NA,NA,NA,NA,YUHS
1792797,1793457,199074,7,NA,NA,NA,NA,NA,NA,NA,0,0,0,0,0,0,NA,NA,NA,NA,NA,NA,YUHS
1792797,1793457,380731,7,NA,NA,NA,NA,NA,NA,NA,0,0,0,0,0,0,NA,NA,NA,NA,NA,NA,YUHS
1792797,1793457,30234,7,NA,NA,NA,NA,NA,NA,NA,0,0,0,0,0,0,NA,NA,NA,NA,NA,NA,YUHS
1792797,1793457,140362,7,NA,NA,NA,NA,NA,NA,NA,0,0,0,0,0,0,NA,NA,NA,NA,NA,NA,YUHS
1792797,1793457,194997,7,NA,NA,NA,NA,NA,NA,NA,0,0,0,0,0,0,NA,NA,NA,NA,NA,NA,YUHS
1792797,1793457,194696,7,NA,NA,NA,NA,NA,NA,NA,0,0,0,0,0,0,NA,NA,NA,NA,NA,NA,YUHS
1792797,1793457,374366,7,NA,NA,NA,NA,NA,NA,NA,0,0,0,0,0,0,NA,NA,NA,NA,NA,NA,YUHS
1792797,1793457,1792374,7,NA,NA,NA,NA,NA,NA,NA,0,0,0,0,0,0,NA,NA,NA,NA,NA,NA,YUHS
1792797,1793457,141323,7,NA,NA,NA,NA,NA,NA,NA,0,0,0,0,0,0,NA,NA,NA,NA,NA,NA,YUHS
1792797,1793457,435093,7,NA,NA,NA,NA,NA,NA,NA,0,0,0,0,0,0,NA,NA,NA,NA,NA,NA,YUHS
1792797,1793457,432590,7,NA,NA,NA,NA,NA,NA,NA,0,0,0,0,0,0,NA,NA,NA,NA,NA,NA,YUHS
1792797,1793457,135215,7,NA,NA,NA,NA,NA,NA,NA,0,0,0,0,0,0,NA,NA,NA,NA,NA,NA,YUHS
1792797,1793457,140168,7,NA,NA,NA,NA,NA,NA,NA,0,0,0,0,0,0,NA,NA,NA,NA,NA,NA,YUHS
1792797,1793457,377910,7,NA,NA,NA,NA,NA,NA,NA,0,0,0,0,0,0,NA,NA,NA,NA,NA,NA,YUHS
1792797,1793457,4001458,7,NA,NA,NA,NA,NA,NA,NA,0,0,0,0,0,0,NA,NA,NA,NA,NA,NA,YUHS
1792797,1793457,81878,7,NA,NA,NA,NA,NA,NA,NA,0,0,0,0,0,0,NA,NA,NA,NA,NA,NA,YUHS
1792797,1793457,316457,7,NA,NA,NA,NA,NA,NA,NA,0,0,0,0,0,0,NA,NA,NA,NA,NA,NA,YUHS
1792797,1793457,133228,7,NA,NA,NA,NA,NA,NA,NA,0,0,0,0,0,0,NA,NA,NA,NA,NA,NA,YUHS
1792797,1793457,377535,7,NA,NA,NA,NA,NA,NA,NA,0,0,0,0,0,0,NA,NA,NA,NA,NA,NA,YUHS
1792797,1793457,1792367,7,NA,NA,NA,NA,NA,NA,NA,0,0,0,0,0,0,NA,NA,NA,NA,NA,NA,YUHS
1792797,1793457,4223947,7,NA,NA,NA,NA,NA,NA,NA,0,0,0,0,0,0,NA,NA,NA,NA,NA,NA,YUHS
1792797,1793457,199861,7,NA,NA,NA,NA,NA,NA,NA,0,0,0,0,0,0,NA,NA,NA,NA,NA,NA,YUHS
1792797,1793457,4131595,7,NA,NA,NA,NA,NA,NA,NA,0,0,0,0,0,0,NA,NA,NA,NA,NA,NA,YUHS
1792797,1793457,4288544,7,NA,NA,NA,NA,NA,NA,NA,0,0,0,0,0,0,NA,NA,NA,NA,NA,NA,YUHS
1792797,1793457,201792,7,NA,NA,NA,NA,NA,NA,NA,0,0,0,0,0,0,NA,NA,NA,NA,NA,NA,YUHS
1792797,1793457,4299544,7,NA,NA,NA,NA,NA,NA,NA,0,0,0,0,0,0,NA,NA,NA,NA,NA,NA,YUHS
1792797,1793457,434626,7,NA,NA,NA,NA,NA,NA,NA,0,0,0,0,0,0,NA,NA,NA,NA,NA,NA,YUHS
1792797,1793457,1792366,7,NA,NA,NA,NA,NA,NA,NA,0,0,0,0,0,0,NA,NA,NA,NA,NA,NA,YUHS
1792797,1793457,380094,7,NA,NA,NA,NA,NA,NA,NA,0,0,0,0,0,0,NA,NA,NA,NA,NA,NA,YUHS
1792797,1793457,134453,7,NA,NA,NA,NA,NA,NA,NA,0,0,0,0,0,0,NA,NA,NA,NA,NA,NA,YUHS
1792797,1793457,77965,7,NA,NA,NA,NA,NA,NA,NA,0,0,0,0,0,0,NA,NA,NA,NA,NA,NA,YUHS
1792797,1793457,4079750,7,NA,NA,NA,NA,NA,NA,NA,0,0,0,0,0,0,NA,NA,NA,NA,NA,NA,YUHS
1792797,1793457,4171915,7,NA,NA,NA,NA,NA,NA,NA,0,0,0,0,0,0,NA,NA,NA,NA,NA,NA,YUHS
1792797,1793457,373478,7,NA,NA,NA,NA,NA,NA,NA,0,0,0,0,0,0,NA,NA,NA,NA,NA,NA,YUHS
1792797,1793457,198202,7,NA,NA,NA,NA,NA,NA,NA,0,0,0,0,0,0,NA,NA,NA,NA,NA,NA,YUHS
1792797,1793457,381581,7,NA,NA,NA,NA,NA,NA,NA,0,0,0,0,0,0,NA,NA,NA,NA,NA,NA,YUHS
1792797,1793457,4339088,7,NA,NA,NA,NA,NA,NA,NA,0,0,0,0,0,0,NA,NA,NA,NA,NA,NA,YUHS
1792797,1793457,380395,7,NA,NA,NA,NA,NA,NA,NA,0,0,0,0,0,0,NA,NA,NA,NA,NA,NA,YUHS
1792797,1793457,437082,7,NA,NA,NA,NA,NA,NA,NA,0,0,0,0,0,0,NA,NA,NA,NA,NA,NA,YUHS
1792797,1793457,1792373,7,NA,NA,NA,NA,NA,NA,NA,0,0,0,0,0,0,NA,NA,NA,NA,NA,NA,YUHS
1792797,1793457,261326,7,NA,NA,NA,NA,NA,NA,NA,0,0,0,0,0,0,NA,NA,NA,NA,NA,NA,YUHS
1792797,1793457,73300,7,NA,NA,NA,NA,NA,NA,NA,0,0,0,0,0,0,NA,NA,NA,NA,NA,NA,YUHS
1792797,1793457,438407,7,NA,NA,NA,NA,NA,NA,NA,0,0,0,0,0,0,NA,NA,NA,NA,NA,NA,YUHS
1792797,1793457,4218106,7,NA,NA,NA,NA,NA,NA,NA,0,0,0,0,0,0,NA,NA,NA,NA,NA,NA,YUHS
1792797,1793457,1792368,7,NA,NA,NA,NA,NA,NA,NA,0,0,0,0,0,0,NA,NA,NA,NA,NA,NA,YUHS
1792797,1793457,253796,7,NA,NA,NA,NA,NA,NA,NA,0,0,0,0,0,0,NA,NA,NA,NA,NA,NA,YUHS
1792797,1793457,198803,7,NA,NA,NA,NA,NA,NA,NA,0,0,0,0,0,0,NA,NA,NA,NA,NA,NA,YUHS
1792797,1793457,138463,7,NA,NA,NA,NA,NA,NA,NA,0,0,0,0,0,0,NA,NA,NA,NA,NA,NA,YUHS
1792797,1793457,195212,7,NA,NA,NA,NA,NA,NA,NA,0,0,0,0,0,0,NA,NA,NA,NA,NA,NA,YUHS
1792797,1793457,4164337,7,NA,NA,NA,NA,NA,NA,NA,0,0,0,0,0,0,NA,NA,NA,NA,NA,NA,YUHS
1792797,1793457,75576,7,NA,NA,NA,NA,NA,NA,NA,0,0,0,0,0,0,NA,NA,NA,NA,NA,NA,YUHS
1792797,1793457,433450,7,NA,NA,NA,NA,NA,NA,NA,0,0,0,0,0,0,NA,NA,NA,NA,NA,NA,YUHS
1792797,1793457,4108467,7,NA,NA,NA,NA,NA,NA,NA,0,0,0,0,0,0,NA,NA,NA,NA,NA,NA,YUHS
1792797,1793457,439840,7,NA,NA,NA,NA,NA,NA,NA,0,0,0,0,0,0,NA,NA,NA,NA,NA,NA,YUHS
1792797,1793457,1792370,7,NA,NA,NA,NA,NA,NA,NA,0,0,0,0,0,0,NA,NA,NA,NA,NA,NA,YUHS
1792797,1793457,72576,7,NA,NA,NA,NA,NA,NA,NA,0,0,0,0,0,0,NA,NA,NA,NA,NA,NA,YUHS
1792797,1793457,4092565,7,NA,NA,NA,NA,NA,NA,NA,0,0,0,0,0,0,NA,NA,NA,NA,NA,NA,YUHS
1792797,1793457,378424,7,NA,NA,NA,NA,NA,NA,NA,0,0,0,0,0,0,NA,NA,NA,NA,NA,NA,YUHS
1792797,1793457,4215978,7,NA,NA,NA,NA,NA,NA,NA,0,0,0,0,0,0,NA,NA,NA,NA,NA,NA,YUHS
1792797,1793457,440814,7,NA,NA,NA,NA,NA,NA,NA,0,0,0,0,0,0,NA,NA,NA,NA,NA,NA,YUHS
1792797,1793457,4280571,7,NA,NA,NA,NA,NA,NA,NA,0,0,0,0,0,0,NA,NA,NA,NA,NA,NA,YUHS
1792797,1793457,440424,7,NA,NA,NA,NA,NA,NA,NA,0,0,0,0,0,0,NA,NA,NA,NA,NA,NA,YUHS
1792797,1793457,1792371,7,NA,NA,NA,NA,NA,NA,NA,0,0,0,0,0,0,NA,NA,NA,NA,NA,NA,YUHS
1792797,1793457,4172458,7,NA,NA,NA,NA,NA,NA,NA,0,0,0,0,0,0,NA,NA,NA,NA,NA,NA,YUHS
1792797,1793457,318800,7,NA,NA,NA,NA,NA,NA,NA,0,0,0,0,0,0,NA,NA,NA,NA,NA,NA,YUHS
1792797,1793457,42873169,7,NA,NA,NA,NA,NA,NA,NA,0,0,0,0,0,0,NA,NA,NA,NA,NA,NA,YUHS
1792797,1793457,198075,7,NA,NA,NA,NA,NA,NA,NA,0,0,0,0,0,0,NA,NA,NA,NA,NA,NA,YUHS
1792797,1793457,374655,7,NA,NA,NA,NA,NA,NA,NA,0,0,0,0,0,0,NA,NA,NA,NA,NA,NA,YUHS
1792797,1793457,1792365,7,NA,NA,NA,NA,NA,NA,NA,0,0,0,0,0,0,NA,NA,NA,NA,NA,NA,YUHS
1792797,1793457,436676,7,NA,NA,NA,NA,NA,NA,NA,0,0,0,0,0,0,NA,NA,NA,NA,NA,NA,YUHS
1792797,1793457,192606,7,NA,NA,NA,NA,NA,NA,NA,0,0,0,0,0,0,NA,NA,NA,NA,NA,NA,YUHS
1792797,1793457,444367,7,NA,NA,NA,NA,NA,NA,NA,0,0,0,0,0,0,NA,NA,NA,NA,NA,NA,YUHS
1792797,1793457,30441,7,NA,NA,NA,NA,NA,NA,NA,0,0,0,0,0,0,NA,NA,NA,NA,NA,NA,YUHS
1792797,1793457,377910,8,231072874525703,NA,NA,NA,NA,33.0737542508361,NA,911,17,293701,5612,5,0,NA,NA,NA,NA,NA,NA,YUHS
1792797,1793457,75576,8,116161156918765,NA,NA,NA,NA,32.3859996266555,NA,911,17,292012,5612,8,0,NA,NA,NA,NA,NA,NA,YUHS
1792797,1793457,4218106,8,NA,NA,NA,NA,NA,NA,NA,911,17,294018,5612,-5,0,NA,NA,NA,NA,NA,NA,YUHS
1792797,1793457,374655,8,NA,NA,NA,NA,NA,NA,NA,911,17,294475,5612,0,0,NA,NA,NA,NA,NA,NA,YUHS
1792797,1793457,432590,8,NA,NA,NA,NA,NA,NA,NA,911,17,294475,5612,0,0,NA,NA,NA,NA,NA,NA,YUHS
1792797,1793457,253796,8,NA,NA,NA,NA,NA,NA,NA,911,17,294134,5612,-5,0,NA,NA,NA,NA,NA,NA,YUHS
1792797,1793457,81336,8,NA,NA,NA,NA,NA,NA,NA,911,17,294218,5612,-5,0,NA,NA,NA,NA,NA,NA,YUHS
1792797,1793457,74855,8,NA,NA,NA,NA,NA,NA,NA,911,17,294475,5612,0,0,NA,NA,NA,NA,NA,NA,YUHS
1792797,1793457,261326,8,NA,NA,NA,NA,NA,NA,NA,911,17,294475,5612,0,0,NA,NA,NA,NA,NA,NA,YUHS
1792797,1793457,199861,8,NA,NA,NA,NA,NA,NA,NA,911,17,294475,5612,0,0,NA,NA,NA,NA,NA,NA,YUHS
1792797,1793457,42873169,8,NA,NA,NA,NA,NA,NA,NA,911,17,294475,5612,0,0,NA,NA,NA,NA,NA,NA,YUHS
1792797,1793457,436675,8,NA,NA,NA,NA,NA,NA,NA,911,17,294475,5612,0,0,NA,NA,NA,NA,NA,NA,YUHS
1792797,1793457,437082,8,NA,NA,NA,NA,NA,NA,NA,911,17,293853,5612,-5,0,NA,NA,NA,NA,NA,NA,YUHS
1792797,1793457,444367,8,NA,NA,NA,NA,NA,NA,NA,911,17,294475,5612,0,0,NA,NA,NA,NA,NA,NA,YUHS
1792797,1793457,380731,8,284501258334332,NA,NA,NA,NA,33.2817587924529,NA,911,17,294014,5612,-5,0,NA,NA,NA,NA,NA,NA,YUHS
1792797,1793457,72576,8,NA,NA,NA,NA,NA,NA,NA,911,17,294475,5612,0,0,NA,NA,NA,NA,NA,NA,YUHS
1792797,1793457,77965,8,NA,NA,NA,NA,NA,NA,NA,911,17,294264,5612,-5,0,NA,NA,NA,NA,NA,NA,YUHS
1792797,1793457,439840,8,NA,NA,NA,NA,NA,NA,NA,911,17,294475,5612,0,0,NA,NA,NA,NA,NA,NA,YUHS
1792797,1793457,434626,8,NA,NA,NA,NA,NA,NA,NA,911,17,294475,5612,0,0,NA,NA,NA,NA,NA,NA,YUHS
1792797,1793457,373478,8,NA,NA,NA,NA,NA,NA,NA,911,17,293695,5612,-5,0,NA,NA,NA,NA,NA,NA,YUHS
1792797,1793457,440814,8,NA,NA,NA,NA,NA,NA,NA,911,17,294475,5612,0,0,NA,NA,NA,NA,NA,NA,YUHS
1792797,1793457,4150372,8,NA,NA,NA,NA,NA,NA,NA,911,17,294101,5612,-5,0,NA,NA,NA,NA,NA,NA,YUHS
1792797,1793457,376132,8,NA,NA,NA,NA,NA,NA,NA,911,17,294475,5612,0,0,NA,NA,NA,NA,NA,NA,YUHS
1792797,1793457,436100,8,NA,NA,NA,NA,NA,NA,NA,911,17,294178,5612,-5,0,NA,NA,NA,NA,NA,NA,YUHS
1792797,1793457,72418,8,NA,NA,NA,NA,NA,NA,NA,911,17,294180,5612,-5,0,NA,NA,NA,NA,NA,NA,YUHS
1792797,1793457,1792364,8,272694599932302,2.1824554475957703e-9,NA,NA,NA,33.2393736033556,NA,911,17,292036,5612,44,0,NA,NA,NA,NA,NA,NA,YUHS
1792797,1793457,80509,8,NA,NA,NA,NA,NA,NA,NA,911,17,294475,5612,0,0,NA,NA,NA,NA,NA,NA,YUHS
1792797,1793457,4153877,8,NA,NA,NA,NA,NA,NA,NA,911,17,294475,5612,0,0,NA,NA,NA,NA,NA,NA,YUHS
1792797,1793457,194696,8,NA,NA,NA,NA,NA,NA,NA,911,17,294133,5612,-5,0,NA,NA,NA,NA,NA,NA,YUHS
1792797,1793457,30441,8,NA,NA,NA,NA,NA,NA,NA,911,17,294475,5612,0,0,NA,NA,NA,NA,NA,NA,YUHS
1792797,1793457,199074,8,281314780391259,NA,NA,NA,NA,33.2704953732053,NA,911,17,293780,5612,-5,0,NA,NA,NA,NA,NA,NA,YUHS
1792797,1793457,134453,8,NA,NA,NA,NA,NA,NA,NA,911,17,294463,5612,-5,0,NA,NA,NA,NA,NA,NA,YUHS
1792797,1793457,198803,8,1.3395922457027,0.266817315926565,24.3239014910412,0.79952336469159,NA,0.292365273404214,1.15120751395214,911,17,271775,5263,85,-5,NA,NA,NA,NA,NA,NA,YUHS
1792797,1793457,30234,8,NA,NA,NA,NA,NA,NA,NA,911,17,294124,5612,-5,0,NA,NA,NA,NA,NA,NA,YUHS
1792797,1793457,194997,8,NA,NA,NA,NA,NA,NA,NA,911,17,294140,5612,-5,0,NA,NA,NA,NA,NA,NA,YUHS
1792797,1793457,4299544,8,NA,NA,NA,NA,NA,NA,NA,911,17,294475,5612,0,0,NA,NA,NA,NA,NA,NA,YUHS
1792797,1793457,1792366,8,0.371608347096061,0.118005412045253,1.63118603624902,0.139542783492647,NA,-0.989914809711146,0.669995007897937,911,17,276085,4880,96,-5,NA,NA,NA,NA,NA,NA,YUHS
1792797,1793457,1792374,8,0.29803212083505,0.0381628988285382,6.02294156535415,0.348485274358554,NA,-1.21055401024836,1.29121434939636,911,17,289227,5604,24,-5,NA,NA,NA,NA,NA,NA,YUHS
1792797,1793457,4171915,8,NA,NA,NA,NA,NA,NA,NA,911,17,294475,5612,0,0,NA,NA,NA,NA,NA,NA,YUHS
1792797,1793457,380395,8,NA,NA,NA,NA,NA,NA,NA,911,17,294475,5612,0,0,NA,NA,NA,NA,NA,NA,YUHS
1792797,1793457,261880,8,294825850156874,NA,NA,NA,NA,33.3174059594987,NA,911,17,293606,5612,-5,0,NA,NA,NA,NA,NA,NA,YUHS
1792797,1793457,135215,8,NA,NA,NA,NA,NA,NA,NA,911,17,293643,5612,-5,0,NA,NA,NA,NA,NA,NA,YUHS
1792797,1793457,140362,8,NA,NA,NA,NA,NA,NA,NA,911,17,294475,5612,0,0,NA,NA,NA,NA,NA,NA,YUHS
1792797,1793457,4135082,8,NA,NA,NA,NA,NA,NA,NA,911,17,294475,5612,0,0,NA,NA,NA,NA,NA,NA,YUHS
1792797,1793457,1792373,8,208548064818827,0.0186082542585459,NA,NA,NA,32.9711906573092,NA,911,17,293577,5612,-5,0,NA,NA,NA,NA,NA,NA,YUHS
1792797,1793457,316457,8,NA,NA,NA,NA,NA,NA,NA,911,17,294475,5612,0,0,NA,NA,NA,NA,NA,NA,YUHS
1792797,1793457,4001458,8,NA,NA,NA,NA,NA,NA,NA,911,17,293076,5612,7,0,NA,NA,NA,NA,NA,NA,YUHS
1792797,1793457,4207307,8,NA,NA,NA,NA,NA,NA,NA,911,17,293890,5612,-5,0,NA,NA,NA,NA,NA,NA,YUHS
1792797,1793457,74189,8,NA,NA,NA,NA,NA,NA,NA,911,17,294475,5612,0,0,NA,NA,NA,NA,NA,NA,YUHS
1792797,1793457,1792367,8,0.473067459227836,0.124636567094792,3.07832584699029,0.360196947860238,NA,-0.748517280727461,0.818060729210049,911,17,280246,4888,79,-5,NA,NA,NA,NA,NA,NA,YUHS
1792797,1793457,381444,8,NA,NA,NA,NA,NA,NA,NA,911,17,294353,5612,-5,0,NA,NA,NA,NA,NA,NA,YUHS
1792797,1793457,1792369,8,0.147609796041312,0.024457237169937,1.12078673008461,0.0499098612448714,NA,-1.9131830001745,0.975747517441282,911,17,282939,4888,42,-5,NA,NA,NA,NA,NA,NA,YUHS
1792797,1793457,4164337,8,NA,NA,NA,NA,NA,NA,NA,911,17,293068,5612,8,0,NA,NA,NA,NA,NA,NA,YUHS
1792797,1793457,436676,8,NA,NA,NA,NA,NA,NA,NA,911,17,294128,5612,-5,0,NA,NA,NA,NA,NA,NA,YUHS
1792797,1793457,4339088,8,NA,NA,NA,NA,NA,NA,NA,911,17,294475,5612,0,0,NA,NA,NA,NA,NA,NA,YUHS
1792797,1793457,4092565,8,NA,NA,NA,NA,NA,NA,NA,911,17,294475,5612,0,0,NA,NA,NA,NA,NA,NA,YUHS
1792797,1793457,141323,8,NA,NA,NA,NA,NA,NA,NA,911,17,294475,5612,0,0,NA,NA,NA,NA,NA,NA,YUHS
1792797,1793457,4223947,8,NA,NA,NA,NA,NA,NA,NA,911,17,294475,5612,0,0,NA,NA,NA,NA,NA,NA,YUHS
1792797,1793457,318800,8,1.31386771697602,0.536638643765573,4.3477615810418,0.609021564963342,NA,0.272975242982494,0.533706608313113,911,17,212064,4530,299,-5,NA,NA,NA,NA,NA,NA,YUHS
1792797,1793457,198075,8,NA,NA,NA,NA,NA,NA,NA,911,17,294475,5612,0,0,NA,NA,NA,NA,NA,NA,YUHS
1792797,1793457,1792368,8,0.39686068661852,0.0587052924580596,7.75837694783858,0.4582420693949,NA,-0.924169975198724,1.24594089221126,911,17,288187,5604,29,-5,NA,NA,NA,NA,NA,NA,YUHS
1792797,1793457,376938,8,NA,NA,NA,NA,NA,NA,NA,911,17,294475,5612,0,0,NA,NA,NA,NA,NA,NA,YUHS
1792797,1793457,4068482,8,249397361180708,NA,NA,NA,NA,33.1500685684477,NA,911,17,293009,5612,8,0,NA,NA,NA,NA,NA,NA,YUHS
1792797,1793457,435093,8,NA,NA,NA,NA,NA,NA,NA,911,17,294348,5612,-5,0,NA,NA,NA,NA,NA,NA,YUHS
1792797,1793457,141933,8,NA,NA,NA,NA,NA,NA,NA,911,17,294475,5612,0,0,NA,NA,NA,NA,NA,NA,YUHS
1792797,1793457,201792,8,NA,NA,NA,NA,NA,NA,NA,911,17,294475,5612,0,0,NA,NA,NA,NA,NA,NA,YUHS
1792797,1793457,4131595,8,207966767892392,0.019887140536751,NA,NA,NA,32.9683994131172,NA,911,17,293807,5612,-5,0,NA,NA,NA,NA,NA,NA,YUHS
1792797,1793457,4049417,8,NA,NA,NA,NA,NA,NA,NA,911,17,294475,5612,0,0,NA,NA,NA,NA,NA,NA,YUHS
1792797,1793457,198202,8,NA,NA,NA,NA,NA,NA,NA,911,17,294475,5612,0,0,NA,NA,NA,NA,NA,NA,YUHS
1792797,1793457,134619,8,NA,NA,NA,NA,NA,NA,NA,911,17,294475,5612,0,0,NA,NA,NA,NA,NA,NA,YUHS
1792797,1793457,192606,8,NA,NA,NA,NA,NA,NA,NA,911,17,294472,5612,-5,0,NA,NA,NA,NA,NA,NA,YUHS
1792797,1793457,433440,8,687420225227575,0.0187432432256566,NA,NA,NA,34.163966902704,NA,911,17,293947,5612,-5,0,NA,NA,NA,NA,NA,NA,YUHS
1792797,1793457,4215978,8,NA,NA,NA,NA,NA,NA,NA,911,17,292771,5612,6,0,NA,NA,NA,NA,NA,NA,YUHS
1792797,1793457,1792365,8,148560761825541,3.14196969002896e-9,NA,NA,NA,32.6320151610262,NA,911,17,292320,5612,35,0,NA,NA,NA,NA,NA,NA,YUHS
1792797,1793457,433450,8,NA,NA,NA,NA,NA,NA,NA,911,17,294475,5612,0,0,NA,NA,NA,NA,NA,NA,YUHS
1792797,1793457,40443308,8,NA,NA,NA,NA,NA,NA,NA,911,17,294475,5612,0,0,NA,NA,NA,NA,NA,NA,YUHS
1792797,1793457,4108467,8,NA,NA,NA,NA,NA,NA,NA,911,17,294475,5612,0,0,NA,NA,NA,NA,NA,NA,YUHS
1792797,1793457,134765,8,NA,NA,NA,NA,NA,NA,NA,911,17,294475,5612,0,0,NA,NA,NA,NA,NA,NA,YUHS
1792797,1793457,1792370,8,0.0991181813907655,0.011894415697433,0.825962766626785,0.03262139023137,NA,-2.31144238938036,1.08177515208885,911,17,283837,4888,39,-5,NA,NA,NA,NA,NA,NA,YUHS
1792797,1793457,138463,8,NA,NA,NA,NA,NA,NA,NA,911,17,294475,5612,0,0,NA,NA,NA,NA,NA,NA,YUHS
1792797,1793457,440424,8,NA,NA,NA,NA,NA,NA,NA,911,17,294475,5612,0,0,NA,NA,NA,NA,NA,NA,YUHS
1792797,1793457,4028970,8,NA,NA,NA,NA,NA,NA,NA,911,17,294475,5612,0,0,NA,NA,NA,NA,NA,NA,YUHS
1792797,1793457,4114197,8,220302749386151,0.0745343313390079,NA,NA,NA,33.0260238498503,NA,911,17,293137,5612,6,0,NA,NA,NA,NA,NA,NA,YUHS
1792797,1793457,4288544,8,342101238810661,1.90480711982103e-9,NA,NA,NA,33.4661278291001,NA,911,17,293432,5612,-5,0,NA,NA,NA,NA,NA,NA,YUHS
1792797,1793457,440129,8,5.480034021186161e-10,5.581153822039229e-28,0.622894640322743,0.179532448159346,NA,-21.3247396207542,15.8879473476994,911,17,294136,5322,-5,-5,NA,NA,NA,NA,NA,NA,YUHS
1792797,1793457,4304008,8,NA,NA,NA,NA,NA,NA,NA,911,17,294475,5612,0,0,NA,NA,NA,NA,NA,NA,YUHS
1792797,1793457,378424,8,174721907064263,2.85059898809672e-9,NA,NA,NA,32.7942167233996,NA,911,17,291545,5612,17,0,NA,NA,NA,NA,NA,NA,YUHS
1792797,1793457,380094,8,NA,NA,NA,NA,NA,NA,NA,911,17,294380,5612,-5,0,NA,NA,NA,NA,NA,NA,YUHS
1792797,1793457,140168,8,220585136106117,NA,NA,NA,NA,33.0273048410858,NA,911,17,293245,5612,-5,0,NA,NA,NA,NA,NA,NA,YUHS
1792797,1793457,1792372,8,190146779469594,NA,NA,NA,NA,32.8788174133705,NA,911,17,293435,5612,5,0,NA,NA,NA,NA,NA,NA,YUHS
1792797,1793457,1792371,8,255434311653578,NA,NA,NA,NA,33.1739863952709,NA,911,17,292537,5612,8,0,NA,NA,NA,NA,NA,NA,YUHS
1792797,1793457,73300,8,NA,NA,NA,NA,NA,NA,NA,911,17,294475,5612,0,0,NA,NA,NA,NA,NA,NA,YUHS
1792797,1793457,81878,8,687420225227575,0.0187432432256565,NA,NA,NA,34.163966902704,NA,911,17,293966,5612,-5,0,NA,NA,NA,NA,NA,NA,YUHS
1792797,1793457,197036,8,NA,NA,NA,NA,NA,NA,NA,911,17,294475,5612,0,0,NA,NA,NA,NA,NA,NA,YUHS
1792797,1793457,374366,8,1.24640795073828e-9,NA,0.61900399473148,NA,NA,-20.5030000618704,NA,911,17,293017,5306,7,-5,NA,NA,NA,NA,NA,NA,YUHS
1792797,1793457,4079750,8,0.105931854587095,0.00419272514338978,2.67643535707407,0.173047919203644,NA,-2.24495927286065,1.64770634402322,911,17,293005,5333,9,-5,NA,NA,NA,NA,NA,NA,YUHS
1792797,1793457,4047787,8,NA,NA,NA,NA,NA,NA,NA,911,17,294475,5612,-5,0,NA,NA,NA,NA,NA,NA,YUHS
1792797,1793457,381581,8,NA,NA,NA,NA,NA,NA,NA,911,17,294475,5612,0,0,NA,NA,NA,NA,NA,NA,YUHS
1792797,1793457,4172458,8,NA,NA,NA,NA,NA,NA,NA,911,17,294475,5612,0,0,NA,NA,NA,NA,NA,NA,YUHS
1792797,1793457,4280571,8,246548957400534,NA,NA,NA,NA,33.1385816998351,NA,911,17,293247,5612,7,0,NA,NA,NA,NA,NA,NA,YUHS
1792797,1793457,376707,8,NA,NA,NA,NA,NA,NA,NA,911,17,294456,5612,-5,0,NA,NA,NA,NA,NA,NA,YUHS
1792797,1793457,4239381,8,NA,NA,NA,NA,NA,NA,NA,911,17,294475,5612,0,0,NA,NA,NA,NA,NA,NA,YUHS
1792797,1793457,435613,8,NA,NA,NA,NA,NA,NA,NA,911,17,293286,5612,5,0,NA,NA,NA,NA,NA,NA,YUHS
1792797,1793457,195212,8,NA,NA,NA,NA,NA,NA,NA,911,17,294475,5612,0,0,NA,NA,NA,NA,NA,NA,YUHS
1792797,1793457,4142905,8,NA,NA,NA,NA,NA,NA,NA,911,17,294167,5612,-5,0,NA,NA,NA,NA,NA,NA,YUHS
1792797,1793457,377535,8,NA,NA,NA,NA,NA,NA,NA,911,17,294475,5612,0,0,NA,NA,NA,NA,NA,NA,YUHS
1792797,1793457,133228,8,0.198168238850682,0.0189868582665205,4.26116291289408,0.24117725553859,NA,-1.61863891790573,1.38103311063104,911,17,292274,5381,8,-5,NA,NA,NA,NA,NA,NA,YUHS
1792797,1793457,380839,8,NA,NA,NA,NA,NA,NA,NA,911,17,294475,5612,0,0,NA,NA,NA,NA,NA,NA,YUHS
1792797,1793457,139902,8,267982136396828,0.0244206755009876,NA,NA,NA,33.2219414389821,NA,911,17,293488,5612,-5,0,NA,NA,NA,NA,NA,NA,YUHS
1792797,1793457,433527,8,NA,NA,NA,NA,NA,NA,NA,911,17,294115,5612,-5,0,NA,NA,NA,NA,NA,NA,YUHS
1792797,1793457,438407,8,NA,NA,NA,NA,NA,NA,NA,911,17,294475,5612,0,0,NA,NA,NA,NA,NA,NA,YUHS
